Mesocosm,Date,fCO2,fCH4,fN2O,Phase,Place,Sal,Temp,Treatment,Mes,Temperature,SPC,Salinity,SatDO,ConcDO,pH,Secchi,Chla,TSS,Alkalinity
Ankara1,29/08/2022,-18.90803222,0.080306001,1015.434987,1PreHW,Ankara,40,NO,pre40NOHEAT,1,23.82,61.44,41.33,91.8,6.12,9.08,106,30.51,53.25,2.97
Ankara2,29/08/2022,-16.48913499,0.329031549,1117.561834,1PreHW,Ankara,40,YES,pre40HEAT,2,23.8,60.8,40.84,79.3,5.3,9.07,92,68.11,81.15,3.68
Ankara3,29/08/2022,-12.94309666,0.24755249,845.4743445,1PreHW,Ankara,40,YES,pre40HEAT,3,23.78,61.16,41.12,79.5,5.31,8.83,103,21.97,50.93,2.78
Ankara4,29/08/2022,-28.24665907,0.325111348,27.77838164,1PreHW,Ankara,4,NO,pre4NOHEAT,4,23.62,8.12,4.5,100.9,8.33,9.34,46,37.17,43.75,2.68
Ankara5,29/08/2022,-31.36181914,0.384105384,12.79116363,1PreHW,Ankara,4,NO,pre4NOHEAT,5,23.67,7.98,4.42,126.5,10.45,9.79,120,3.07,8.72,5.46
Ankara6,29/08/2022,-23.02648558,0.713904199,55.58776036,1PreHW,Ankara,4,YES,pre4HEAT,6,23.63,8.17,4.53,84.5,6.98,9.16,82,25.85,17.01,3
Ankara7,29/08/2022,-23.16021523,0.13054121,1083.238944,1PreHW,Ankara,40,NO,pre40NOHEAT,7,23.88,60.7,40.77,129.5,8.65,9.1,107,31.02,61.21,3.16
Ankara8,29/08/2022,-21.81740121,0.271037126,53.62732689,1PreHW,Ankara,4,YES,pre4HEAT,8,23.44,8.38,4.66,97.1,8.05,9.68,104,20.25,13.4,3.06
Ankara9,29/08/2022,-22.51724491,0.231624253,233.2061238,1PreHW,Ankara,40,NO,pre40NOHEAT,9,23.65,61.84,41.64,117.8,7.86,9.29,100,14.2,66,4.88
Ankara10,29/08/2022,-23.08837866,0.191144314,30.00093832,1PreHW,Ankara,4,YES,pre4HEAT,10,23.45,8.25,4.58,112.7,9.34,9.98,120,4.46,9.4,5.32
Ankara11,29/08/2022,-27.28777586,0.344152958,63.89512393,1PreHW,Ankara,4,NO,pre4NOHEAT,11,23.85,8.32,4.62,158.8,13.06,10.1,120,2.95,7.8,6.59
Ankara12,29/08/2022,-28.19150653,0.553257477,49.22919875,1PreHW,Ankara,4,NO,pre4NOHEAT,12,23.56,8.25,4.58,91.8,7.59,9.51,87,13.32,17.33,6.14
Ankara13,29/08/2022,,,,1PreHW,Ankara,40,YES,pre40HEAT,13,23.82,59.82,40.1,72,4.84,8.84,108,20.44,41.26,3.08
Ankara14,29/08/2022,-19.34844223,0.096234238,573.0472227,1PreHW,Ankara,40,YES,pre40HEAT,14,23.91,59.89,40.15,100,6.7,8.94,118,5.05,32.4,3.39
Ankara15,29/08/2022,-22.88039819,0.564112843,32.22762294,1PreHW,Ankara,4,YES,pre4HEAT,15,23.3,8.36,4.65,80.5,6.68,8.99,78,32.72,22.29,3.29
Ankara16,29/08/2022,-11.98244578,0.236525249,776.8373911,1PreHW,Ankara,40,NO,pre40NOHEAT,16,24,59.05,39.51,62.1,4.17,8.59,94,12.24,36.18,1.47
Ankara1,05/09/2022,,0.068666136,,1PreHW,Ankara,40,NO,pre40NOHEAT,1,22.94,63.44,42.88,83.6,5.61,9.05,120,14.89,39,3.03
Ankara2,05/09/2022,,0.170361803,,1PreHW,Ankara,40,YES,pre40HEAT,2,22.81,62.55,42.19,53.3,3.6,8.64,120,3.98,39.6,3.23
Ankara3,05/09/2022,,0.111549851,,1PreHW,Ankara,40,YES,pre40HEAT,3,22.93,62.97,42.51,79.7,5.36,8.84,120,11.82,39.4,3.06
Ankara4,05/09/2022,,0.263071841,,1PreHW,Ankara,4,NO,pre4NOHEAT,4,22.68,8.36,4.65,78.5,6.59,9.18,29,37.77,50,3.75
Ankara5,05/09/2022,,0.28702658,,1PreHW,Ankara,4,NO,pre4NOHEAT,5,23.12,8.21,4.56,91.5,7.63,10.23,120,3.31,6.4,6.32
Ankara6,05/09/2022,,0.539280875,,1PreHW,Ankara,4,YES,pre4HEAT,6,22.82,8.41,4.68,79,6.62,9.14,54,45.64,24,2.69
Ankara7,05/09/2022,,0.071729258,,1PreHW,Ankara,40,NO,pre40NOHEAT,7,22.84,62.46,42.12,72.8,4.91,9.17,120,6.18,38.8,4.14
Ankara8,05/09/2022,,0.355878554,,1PreHW,Ankara,4,YES,pre4HEAT,8,22.69,8.63,4.81,82.3,6.91,9.86,91,12.91,13.33,7.22
Ankara9,05/09/2022,-25.24153368,0.2052814,131.5034397,1PreHW,Ankara,40,NO,pre40NOHEAT,9,22.81,63.63,43.02,58.2,3.91,9.07,120,4.1,36.4,3.55
Ankara10,05/09/2022,-29.52177962,0.135847417,6.409595733,1PreHW,Ankara,4,YES,pre4HEAT,10,22.6,8.51,4.75,92.1,7.75,10.32,115,2.73,9.6,6.25
Ankara11,05/09/2022,-35.03052144,0.123553661,4.227639585,1PreHW,Ankara,4,NO,pre4NOHEAT,11,22.69,8.57,4.78,91.6,7.69,10.36,99,3.78,10.2,6.47
Ankara12,05/09/2022,-34.36485352,0.221891166,15.11553421,1PreHW,Ankara,4,NO,pre4NOHEAT,12,22.73,8.47,4.72,81.8,6.87,9.61,70,12.99,21.67,4
Ankara13,05/09/2022,-26.40405922,0.098072112,370.5739645,1PreHW,Ankara,40,YES,pre40HEAT,13,22.78,61.55,41.43,68.8,4.67,9.03,120,7.6,37.2,3.79
Ankara14,05/09/2022,-29.68230605,0.055801021,301.7671177,1PreHW,Ankara,40,YES,pre40HEAT,14,23.21,61.58,41.44,107,7.2,9.27,120,15.78,23.4,4.82
Ankara15,05/09/2022,-27.49919168,0.29011891,6.410516535,1PreHW,Ankara,4,YES,pre4HEAT,15,22.57,8.61,4.8,73.5,6.18,8.99,53,57.05,39,2.31
Ankara16,05/09/2022,-22.85687556,0.11828872,472.429823,1PreHW,Ankara,40,NO,pre40NOHEAT,16,23.1,60.6,40.7,87.7,5.94,8.89,98,42.61,56.67,3.14
Ankara1,08/09/2022,-26.11090336,0.085206997,514.9776415,1PreHW,Ankara,40,NO,pre40NOHEAT,1,19.62,60.53,40.57,100.3,7.22,,120,22.18,40.8,
Ankara2,08/09/2022,-21.25561618,0.280021589,549.3805243,1PreHW,Ankara,40,YES,pre40HEAT,2,19.71,59.86,40.16,72.5,5.23,,120,7.66,50,
Ankara3,08/09/2022,-26.49956738,0.111549851,341.343338,1PreHW,Ankara,40,YES,pre40HEAT,3,19.74,60.23,40.45,111.2,8.01,,120,21.62,36.2,
Ankara4,08/09/2022,-31.16157862,0.383067366,59.64837004,1PreHW,Ankara,4,NO,pre4NOHEAT,4,19.83,7.79,4.33,115,10.22,,29,36.01,37.2,
Ankara5,08/09/2022,-38.57499686,0.294518011,47.87526382,1PreHW,Ankara,4,NO,pre4NOHEAT,5,20.07,7.57,4.2,112.6,9.98,,120,2.93,7.6,
Ankara6,08/09/2022,-35.41413792,0.484654408,27.37376522,1PreHW,Ankara,4,YES,pre4HEAT,6,19.67,8.07,4.49,91,8.1,,58,46.68,22.8,
Ankara7,08/09/2022,-30.24529704,0.049062151,341.6299017,1PreHW,Ankara,40,NO,pre40NOHEAT,7,19.59,59.98,40.26,83.7,6.04,,120,19.7,36,
Ankara8,08/09/2022,-37.29304007,0.257653021,20.51456476,1PreHW,Ankara,4,YES,pre4HEAT,8,19.38,8.3,4.63,91.5,8.2,,84,12.02,11.6,
Ankara9,08/09/2022,-27.81406759,0.151983068,480.596215,1PreHW,Ankara,40,NO,pre40NOHEAT,9,19.51,60.77,40.86,93.3,6.73,,120,14.04,33.2,
Ankara10,08/09/2022,-38.33463186,0.155581005,4.182084028,1PreHW,Ankara,4,YES,pre4HEAT,10,19.33,8.09,4.51,98,8.79,,120,2.75,4,
Ankara11,08/09/2022,-38.48548393,0.105774017,-0.490296989,1PreHW,Ankara,4,NO,pre4NOHEAT,11,19.32,8.1,4.51,94.5,8.48,,120,1.17,9,
Ankara12,08/09/2022,-37.8978206,0.180787946,-2.798414837,1PreHW,Ankara,4,NO,pre4NOHEAT,12,19.49,8.08,4.5,100.7,9.01,,70,9.09,12.6,
Ankara13,08/09/2022,-27.43391332,0.151983068,-39.92727791,1PreHW,Ankara,40,YES,pre40HEAT,13,19.59,58.91,39.45,86.8,6.3,,120,7.37,32.6,
Ankara14,08/09/2022,-31.95357841,0.053350523,860.3448598,1PreHW,Ankara,40,YES,pre40HEAT,14,19.92,58.98,39.5,115.4,8.33,,120,21.31,36.4,
Ankara15,08/09/2022,-30.19804175,0.261957686,34.51957647,1PreHW,Ankara,4,YES,pre4HEAT,15,19.37,8.17,4.56,96.7,8.67,,42,77.32,40,
Ankara16,08/09/2022,-26.16393051,0.092558491,445.0688366,1PreHW,Ankara,40,NO,pre40NOHEAT,16,19.84,57.73,38.55,101,7.34,,84,69.43,53,
Ankara1,12/09/2022,-28.14768206,0.085206997,373.5095132,1PreHW,Ankara,40,NO,pre40NOHEAT,1,21.01,61.88,41.7,107.7,7.52,9.31,101,30.04,39.58,3.68
Ankara2,12/09/2022,-13.86891541,0.67294299,924.2615208,1PreHW,Ankara,40,YES,pre40HEAT,2,21.02,61.02,41.04,86.4,6.05,8.76,120,9.15,38.6,1.79
Ankara3,12/09/2022,-26.02930965,0.115225598,752.2573376,1PreHW,Ankara,40,YES,pre40HEAT,3,20.99,61.42,41.35,88.9,6.23,9.24,120,27.15,36.2,3.33
Ankara4,12/09/2022,-28.83721916,0.201042452,26.8315546,1PreHW,Ankara,4,NO,pre4NOHEAT,4,20.83,7.95,4.42,84.6,7.38,9.21,29,32.15,35.67,3.16
Ankara5,12/09/2022,-35.41830784,0.298160826,24.41491832,1PreHW,Ankara,4,NO,pre4NOHEAT,5,21.21,7.73,4.29,107.8,9.34,10.38,120,3.7,9.8,5.16
Ankara6,12/09/2022,-27.0630751,0.345509403,15.49979139,1PreHW,Ankara,4,YES,pre4HEAT,6,20.91,8.23,4.58,77.1,6.7,9.14,57,31.76,22,2.27
Ankara7,12/09/2022,-28.86611019,0.128090712,407.4206313,1PreHW,Ankara,40,NO,pre40NOHEAT,7,21.27,61.15,41.14,135.1,9.42,9.39,120,18.24,55.14,4.35
Ankara8,12/09/2022,-35.52384449,0.282811665,40.5045371,1PreHW,Ankara,4,YES,pre4HEAT,8,20.7,8.47,4.73,89.6,7.82,10.09,94,11.29,16.25,6.13
Ankara9,12/09/2022,-30.51400492,0.189965787,304.8247712,1PreHW,Ankara,40,NO,pre40NOHEAT,9,20.9,62.02,41.81,123.7,8.65,9.44,120,34.32,60,5
Ankara10,12/09/2022,-36.81834073,0.177064614,17.7588749,1PreHW,Ankara,4,YES,pre4HEAT,10,20.91,8.23,4.58,86.7,7.54,10.5,120,2.65,13.11,7.33
Ankara11,12/09/2022,-35.74239166,0.097762982,33.7037129,1PreHW,Ankara,4,NO,pre4NOHEAT,11,20.69,8.27,4.61,90.7,7.92,10.52,120,2.08,8.6,7.33
Ankara12,12/09/2022,-31.3016331,0.19612018,26.7589953,1PreHW,Ankara,4,NO,pre4NOHEAT,12,20.99,8.24,4.59,109.8,9.53,9.95,98,4.22,11.2,6.79
Ankara13,12/09/2022,-27.33539229,0.137892704,270.434506,1PreHW,Ankara,40,YES,pre40HEAT,13,20.86,60.13,40.37,95,6.7,9.47,120,8.67,41,3.44
Ankara14,12/09/2022,-29.8068048,0.079080752,476.4349611,1PreHW,Ankara,40,YES,pre40HEAT,14,21.16,60.18,40.41,115.1,8.07,9.17,105,28.19,57.14,4.89
Ankara15,12/09/2022,-25.9501644,0.256991941,24.63428901,1PreHW,Ankara,4,YES,pre4HEAT,15,20.67,8.33,4.64,95.8,8.37,9.17,42,45.62,30.8,3.18
Ankara16,12/09/2022,-27.35176343,0.099909985,476.573919,1PreHW,Ankara,40,NO,pre40NOHEAT,16,21.1,58.83,39.38,86.1,6.09,9.14,85,67.76,84.8,5
Ankara1,15/09/2022,-27.5175261,0.077242879,-414.281138,1PreHW,Ankara,40,NO,pre40NOHEAT,1,18.72,60.6,40.72,116.7,8.54,9.27,110,27.19,41,4.19
Ankara2,15/09/2022,-15.13823344,0.18077642,342.0240747,1PreHW,Ankara,40,YES,pre40HEAT,2,20.9,59.29,39.73,76.4,5.41,8.62,120,12.63,46.6,1.67
Ankara3,15/09/2022,-19.00754365,0.09378374,99.51968039,1PreHW,Ankara,40,YES,pre40HEAT,3,20.24,60.15,40.39,83.4,5.95,9.1,110,33.28,45.8,3.13
Ankara4,15/09/2022,-32.2970901,0.190033942,-26.68248314,1PreHW,Ankara,4,NO,pre4NOHEAT,4,18.66,7.84,4.36,95.6,8.71,9.1,45,33.12,22.67,2.08
Ankara5,15/09/2022,-29.5994453,0.217080044,-16.96993896,1PreHW,Ankara,4,NO,pre4NOHEAT,5,19.05,7.54,4.18,104.8,9.47,10.26,120,4.95,6,6.67
Ankara6,15/09/2022,-23.54212258,0.31352634,1.967419997,1PreHW,Ankara,4,YES,pre4HEAT,6,21.28,8.12,4.52,78.4,6.77,9,68,32,15.14,2.35
Ankara7,15/09/2022,-25.83252353,0.058251519,-303.7531314,1PreHW,Ankara,40,NO,pre40NOHEAT,7,18.72,59.43,39.84,88.2,6.49,9.28,120,24.23,77.6,3.93
Ankara8,15/09/2022,-33.13285567,0.278528801,-33.37060083,1PreHW,Ankara,4,YES,pre4HEAT,8,20.16,8.25,4.6,90.7,8,9.99,85,13.44,17.8,6.43
Ankara9,15/09/2022,-25.09976459,0.126252839,-250.295914,1PreHW,Ankara,40,NO,pre40NOHEAT,9,18.57,59.74,40.07,121.8,8.97,9.44,108,34.06,72,4.41
Ankara10,15/09/2022,-32.86493801,0.129115319,-33.6711057,1PreHW,Ankara,4,YES,pre4HEAT,10,20.78,8.14,4.53,91.4,7.97,10.35,120,2.83,8.4,6.33
Ankara11,15/09/2022,,,,1PreHW,Ankara,4,NO,pre4NOHEAT,11,18.52,8.17,4.56,82.9,7.56,10.42,120,1.17,8.6,7.5
Ankara12,15/09/2022,-26.45746802,0.132223563,-4.155771941,1PreHW,Ankara,4,NO,pre4NOHEAT,12,18.85,8.18,4.56,114.6,10.37,10.01,120,1.5,10.6,6.25
Ankara13,15/09/2022,-22.09951869,0.115225598,-120.377582,1PreHW,Ankara,40,YES,pre40HEAT,13,20.64,59.13,39.61,74.7,5.31,9.03,120,7.17,35.2,3.65
Ankara14,15/09/2022,-19.9640472,0.06253989,42.658661,1PreHW,Ankara,40,YES,pre40HEAT,14,21.16,58.97,39.49,91.8,6.47,9.41,110,28.34,63,4.04
Ankara15,15/09/2022,-26.15349813,0.240393778,-6.953727433,1PreHW,Ankara,4,YES,pre4HEAT,15,20.64,8.12,4.52,90.5,7.91,9.16,61,45.12,25.6,2.67
Ankara16,15/09/2022,-18.44928489,0.063765139,174.0542085,1PreHW,Ankara,40,NO,pre40NOHEAT,16,18.93,58.16,38.88,80,5.9,9.13,72,56.16,104,3.39
Ankara1,19/09/2022,-21.8243107,0.031908665,-102.4319814,1PreHW,Ankara,40,NO,pre40NOHEAT,1,20.66,61.63,41.51,88.3,6.21,9.36,115,9.05,61.43,4.53
Ankara2,19/09/2022,-15.78141658,0.18077642,282.2472831,1PreHW,Ankara,40,YES,pre40HEAT,2,21.55,60.35,40.53,76.9,5.35,8.76,116,19.15,48,1.91
Ankara3,19/09/2022,-24.68511132,0.103585732,-311.3265406,1PreHW,Ankara,40,YES,pre40HEAT,3,21.15,61.25,41.22,88.5,6.18,9.12,99,35.16,65.31,3.79
Ankara4,19/09/2022,-20.75519465,0.205353214,14.43960747,1PreHW,Ankara,4,NO,pre4NOHEAT,4,20.56,9.06,5.08,91.8,8.01,9.19,35,31.2,36.33,3.33
Ankara5,19/09/2022,-19.70739627,0.205964429,18.29441011,1PreHW,Ankara,4,NO,pre4NOHEAT,5,20.69,7.72,4.28,100.3,8.78,10.22,120,2.32,9.4,6.15
Ankara6,19/09/2022,-26.83735316,0.344227587,-12.63638776,1PreHW,Ankara,4,YES,pre4HEAT,6,22.07,8.27,4.61,69.3,5.89,9.02,65,25.48,17.65,2.98
Ankara7,19/09/2022,-23.44392218,0.053963147,-212.0081176,1PreHW,Ankara,40,NO,pre40NOHEAT,7,20.74,60.11,40.36,79.5,5.62,9.3,120,15.15,89.19,3.65
Ankara8,19/09/2022,-22.86521861,0.26851089,-3.781262625,1PreHW,Ankara,4,YES,pre4HEAT,8,25.71,9.01,5.03,73.7,5.84,10.01,82,10.38,17.32,7.6
Ankara9,19/09/2022,,,,1PreHW,Ankara,40,NO,pre40NOHEAT,9,20.72,60.67,40.78,117.6,8.3,9.54,89,17.13,109,5.47
Ankara10,19/09/2022,-23.87039692,0.116795182,-1.85313024,1PreHW,Ankara,4,YES,pre4HEAT,10,22.52,8.34,4.64,97.1,8.18,10.3,120,0.89,8.8,6.92
Ankara11,19/09/2022,-24.87240993,0.078706587,-1.611213247,1PreHW,Ankara,4,NO,pre4NOHEAT,11,20.5,8.34,4.65,81.3,7.12,10.38,120,0.4,9.6,7.31
Ankara12,19/09/2022,-24.05715181,0.083622003,0.964210119,1PreHW,Ankara,4,NO,pre4NOHEAT,12,20.79,8.33,4.64,104.1,9.07,9.98,120,0.97,11.6,6
Ankara13,19/09/2022,-25.64488654,0.151370443,-418.9955856,1PreHW,Ankara,40,YES,pre40HEAT,13,22.39,60.29,40.48,76.6,5.26,9.02,120,23.84,37.4,2.91
Ankara14,19/09/2022,-17.02058275,-0.004848805,176.1927743,1PreHW,Ankara,40,YES,pre40HEAT,14,22.39,60.12,40.35,73.4,5.04,9.38,103,24.82,66.33,4.4
Ankara15,19/09/2022,-23.88085279,0.239722554,-1.794145461,1PreHW,Ankara,4,YES,pre4HEAT,15,22.47,8.35,4.65,89.3,7.54,9.19,65,20.69,22,3.61
Ankara16,19/09/2022,-16.28101677,0.095621614,265.9691027,1PreHW,Ankara,40,NO,pre40NOHEAT,16,20.85,58.96,39.48,80,5.67,9.06,66,45.64,88.67,3.62
Ankara1,22/09/2022,-26.65649129,0.061927266,-343.3069813,2HW,Ankara,40,NO,HW40NOHEAT,1,18.33,59.89,40.18,95.1,7.04,10.08,112,25.81,39.8,
Ankara2,22/09/2022,-26.54368719,0.332094672,-413.5416438,2HW,Ankara,40,YES,HW40HEAT,2,20.48,59.46,39.86,107.6,7.66,10.09,103,28.33,54.4,
Ankara3,22/09/2022,-26.74693624,0.111549851,-424.1005825,2HW,Ankara,40,YES,HW40HEAT,3,20.39,59.94,40.23,91.2,6.49,10.11,104,45.1,47.2,
Ankara4,22/09/2022,-32.14726663,0.380070605,-25.59000951,2HW,Ankara,4,NO,HW4NOHEAT,4,18.45,7.84,4.36,104,9.51,9.27,50,36.27,31.43,
Ankara5,22/09/2022,-32.17793461,0.156210583,-26.22542898,2HW,Ankara,4,NO,HW4NOHEAT,5,18.67,7.46,4.14,116.2,10.59,10.11,120,2.44,5.4,
Ankara6,22/09/2022,-21.99864881,0.288356082,9.881432801,2HW,Ankara,4,YES,HW4HEAT,6,20.41,8.18,4.56,83.9,7.37,9.14,73,42.57,19.2,
Ankara7,22/09/2022,-27.75966648,0.039260159,-415.9542304,2HW,Ankara,40,NO,HW40NOHEAT,7,18.35,59.32,39.75,88.1,6.53,10.09,101,28.45,98.5,
Ankara8,22/09/2022,-26.26056098,0.198594231,-2.352363626,2HW,Ankara,4,YES,HW4HEAT,8,20.42,8.38,4.68,86.2,7.56,10.07,106,11.5,12.2,
Ankara9,22/09/2022,-19.62900235,0.115225598,117.0732362,2HW,Ankara,40,NO,HW40NOHEAT,9,18.25,59.92,40.2,123.5,9.15,10.08,90,35.45,136,
Ankara10,22/09/2022,-22.34980984,0.123587122,8.34691383,2HW,Ankara,4,YES,HW4HEAT,10,20.48,8.13,4.53,95.8,8.4,10.09,120,2.28,6.6,
Ankara11,22/09/2022,-23.62342147,0.045520123,8.844607687,2HW,Ankara,4,NO,HW4NOHEAT,11,18.07,8.13,4.54,92.8,8.54,10.07,120,3.76,5,
Ankara12,22/09/2022,-23.76481117,0.166055366,7.382915642,2HW,Ankara,4,NO,HW4NOHEAT,12,18.45,8.13,4.53,114.7,10.47,10.07,120,2,9.8,
Ankara13,22/09/2022,-21.37674224,0.238975747,-67.31632692,2HW,Ankara,40,YES,HW40HEAT,13,20.5,58.83,39.39,114.1,8.15,10.13,110,27.32,37.6,
Ankara14,22/09/2022,-20.06801825,0.059476768,22.77336969,2HW,Ankara,40,YES,HW40HEAT,14,20.43,58.84,39.39,92.3,6.6,10.07,92,40.63,98,
Ankara15,22/09/2022,-25.74468857,0.268680474,-4.968697092,2HW,Ankara,4,YES,HW4HEAT,15,20.46,8.23,4.58,93.6,8.21,10.12,85,31.61,19.75,
Ankara16,22/09/2022,-25.62557914,0.080918626,-284.846321,2HW,Ankara,40,NO,HW40NOHEAT,16,18.57,57.45,38.34,89,6.63,10.11,80,53.15,100,
Ankara1,26/09/2022,-21.10526786,0.064990388,109.2962774,2HW,Ankara,40,NO,HW40NOHEAT,1,15.53,60.78,40.8,108.2,8.41,9.71,98,52.92,72.31,4.77
Ankara2,26/09/2022,-21.38641623,0.648157942,-104.6281273,2HW,Ankara,40,YES,HW40HEAT,2,21.71,60.23,40.44,108.3,7.52,9.07,106,16.87,47.2,1.67
Ankara3,26/09/2022,-19.52343979,0.664045793,21.28502252,2HW,Ankara,40,YES,HW40HEAT,3,21.75,61.02,41.04,70.3,4.86,9.23,93,34.62,72.67,3.21
Ankara4,26/09/2022,-21.09884076,0.303338173,25.02363199,2HW,Ankara,4,NO,HW4NOHEAT,4,15.61,7.89,4.39,130,12.6,9.58,50,36.09,32,3.9
Ankara5,26/09/2022,-22.12693313,0.193813143,20.6036289,2HW,Ankara,4,NO,HW4NOHEAT,5,15.75,7.56,4.2,107.2,10.37,10.53,120,2.41,7.2,7.92
Ankara6,26/09/2022,-24.3012634,0.51192843,-2.209795135,2HW,Ankara,4,YES,HW4HEAT,6,21.85,8.34,4.65,80.6,6.88,9.23,88,24.79,15.81,4.09
Ankara7,26/09/2022,-21.40481681,0.066828262,90.02739409,2HW,Ankara,40,NO,HW40NOHEAT,7,15.55,59.95,40.17,94.9,7.4,9.57,99,14.37,107.5,5.29
Ankara8,26/09/2022,-24.35474031,0.220071791,-2.367843024,2HW,Ankara,4,YES,HW4HEAT,8,21.83,8.53,4.76,82.5,7.04,9.57,94,5.92,19.6,7.6
Ankara9,26/09/2022,-22.66354739,0.131766459,17.31395573,2HW,Ankara,40,NO,HW40NOHEAT,9,15.37,60.59,40.65,105.6,8.24,9.96,85,60.54,173,5.46
Ankara10,26/09/2022,-24.81043065,0.15860388,-4.102534565,2HW,Ankara,4,YES,HW4HEAT,10,21.8,8.31,4.63,92,7.86,10.56,120,5.19,7,6.54
Ankara11,26/09/2022,-30.12196735,0.060919405,-9.617288921,2HW,Ankara,4,NO,HW4NOHEAT,11,15.31,8.24,4.6,92.2,8.98,10.65,120,5.88,5,7.31
Ankara12,26/09/2022,-25.79284084,0.24056766,5.843139138,2HW,Ankara,4,NO,HW4NOHEAT,12,15.89,8.22,4.59,132,12.7,10.47,120,0.51,10.2,7.69
Ankara13,26/09/2022,-17.73943886,0.300238198,140.947483,2HW,Ankara,40,YES,HW40HEAT,13,21.84,59.98,40.25,88.8,6.16,9.36,105,17.52,46.8,2.5
Ankara14,26/09/2022,-17.37105048,0.036809661,231.1866926,2HW,Ankara,40,YES,HW40HEAT,14,19.43,59.64,40,79.1,5.74,9.59,89,35.15,107,3.23
Ankara15,26/09/2022,-21.86453106,0.285240532,8.095783481,2HW,Ankara,4,YES,HW4HEAT,15,21.5,8.42,4.7,81.2,6.97,10.39,100,9.58,14,4
Ankara16,26/09/2022,-25.44490689,0.083981748,-170.3316241,2HW,Ankara,40,NO,HW40NOHEAT,16,15.74,58.29,38.93,84.3,6.6,9.3,83,78.04,86,3.85
Ankara1,29/09/2022,-25.68720195,0.066215637,-257.0400405,2HW,Ankara,40,NO,HW40NOHEAT,1,17.68,59.48,39.87,136.3,10.23,9.75,95,83.7,56.97,4.89
Ankara2,29/09/2022,-14.8943717,0.284309961,304.8933454,2HW,Ankara,40,YES,HW40HEAT,2,23.16,57.71,38.51,90.5,6.2,9.03,80,53.12,71.06,2.43
Ankara3,29/09/2022,-15.62882446,0.128703337,230.7836294,2HW,Ankara,40,YES,HW40HEAT,3,24.13,59.84,40.1,81.8,5.46,9.2,77,41.88,68.33,3.22
Ankara4,29/09/2022,-30.84509897,0.210362978,-18.30617659,2HW,Ankara,4,NO,HW4NOHEAT,4,17.56,7.78,4.32,119.8,11.15,9.6,42,42.95,34.33,3.9
Ankara5,29/09/2022,-31.09090326,0.106413795,-19.53836432,2HW,Ankara,4,NO,HW4NOHEAT,5,17.66,7.14,3.94,108,10.06,10.4,120,1.43,6,8.53
Ankara6,29/09/2022,-30.0214887,0.342318604,-28.20236874,2HW,Ankara,4,YES,HW4HEAT,6,23.62,8.13,4.51,73.4,6.07,9.21,64,26.7,19,4
Ankara7,29/09/2022,-28.09204807,0.06927876,-418.0829805,2HW,Ankara,40,NO,HW40NOHEAT,7,17.83,59.23,39.68,101.8,7.63,9.51,80,57.45,112,4.69
Ankara8,29/09/2022,-28.44058081,0.296205854,-23.16989356,2HW,Ankara,4,YES,HW4HEAT,8,24.26,8.33,4.63,88.7,7.23,10.28,117,11.88,14,6.92
Ankara9,29/09/2022,-14.78601205,0.144631574,450.2691125,2HW,Ankara,40,NO,HW40NOHEAT,9,17.56,59.31,39.73,108.5,8.17,9.81,86,60.39,304.67,5.87
Ankara10,29/09/2022,-25.85167517,0.187463293,-10.90219328,2HW,Ankara,4,YES,HW4HEAT,10,23.16,8.14,4.52,83.9,7,10.47,120,0.4,12.4,6.79
Ankara11,29/09/2022,-19.669932,0.060898857,25.32285794,2HW,Ankara,4,NO,HW4NOHEAT,11,17.68,8.13,4.53,90.9,8.44,10.65,120,1.11,8.4,6.07
Ankara12,29/09/2022,-18.80764303,0.186982362,28.34381935,2HW,Ankara,4,NO,HW4NOHEAT,12,17.83,8.12,4.53,117.8,10.89,10.29,120,0.74,10.4,7.2
Ankara13,29/09/2022,-15.07944553,0.379266759,263.5204807,2HW,Ankara,40,YES,HW40HEAT,13,24.39,58.15,38.82,92.7,6.21,9.32,97,53.39,87.56,4.12
Ankara14,29/09/2022,-30.20218081,0.072954507,324.5475576,2HW,Ankara,40,YES,HW40HEAT,14,23.84,59.09,39.54,67.2,4.52,9.49,90,22.29,95.2,4.09
Ankara15,29/09/2022,-19.18149112,0.271032986,14.58436515,2HW,Ankara,4,YES,HW4HEAT,15,23.57,8.25,4.59,75,6.2,9.54,84,5.31,14.8,4
Ankara16,29/09/2022,-16.12179197,0.1427937,353.4297962,2HW,Ankara,40,NO,HW40NOHEAT,16,17.96,56.64,37.73,89.5,6.76,9.24,68,63.33,105,3.65
Ankara1,03/10/2022,-17.20095606,0.077855503,285.9954519,2HW,Ankara,40,NO,HW40NOHEAT,1,17.86,59.76,40.08,133.1,9.94,9.68,87,65.25,99.2,6.81
Ankara2,03/10/2022,-23.04827249,0.349860783,-282.9963575,2HW,Ankara,40,YES,HW40HEAT,2,23.78,63.1,42.6,82.2,5.44,8.84,66,62.35,83.33,2.78
Ankara3,03/10/2022,-20.24762639,0.095621614,-87.69714891,2HW,Ankara,40,YES,HW40HEAT,3,23.84,60.71,40.77,102.1,6.83,9.06,62,62.48,120.91,3.61
Ankara4,03/10/2022,-30.73284885,0.222043851,-18.27164408,2HW,Ankara,4,NO,HW4NOHEAT,4,17.72,7.78,4.32,130.5,12.11,9.55,44,42.49,26,4.42
Ankara5,03/10/2022,-32.63513726,0.121172466,-25.99360768,2HW,Ankara,4,NO,HW4NOHEAT,5,17.82,7.16,3.96,104.2,9.67,10.28,120,1.65,5,7.04
Ankara6,03/10/2022,-27.78719765,0.398232798,-19.7828248,2HW,Ankara,4,YES,HW4HEAT,6,23.82,8.26,4.59,81.4,6.7,9.15,72,27.9,18,3.27
Ankara7,03/10/2022,-25.95319081,0.1127751,-280.5655731,2HW,Ankara,40,NO,HW40NOHEAT,7,17.86,59.75,40.07,129.3,9.65,9.55,69,40.82,274.62,5.19
Ankara8,03/10/2022,-26.61932348,0.329406597,-15.12592425,2HW,Ankara,4,YES,HW4HEAT,8,23.79,8.46,4.71,94.5,7.77,10.13,111,8.45,10,5.77
Ankara9,03/10/2022,-25.18055717,0.085206997,-221.6943911,2HW,Ankara,40,NO,HW40NOHEAT,9,17.61,59.54,39.91,117.6,8.83,9.7,66,43.48,404,6
Ankara10,03/10/2022,-20.29770515,0.154879114,9.742206484,2HW,Ankara,4,YES,HW4HEAT,10,23.81,8.28,4.6,97.2,8,10.27,120,2.06,14.6,7.59
Ankara11,03/10/2022,-22.15655339,0.063972619,15.11033442,2HW,Ankara,4,NO,HW4NOHEAT,11,17.86,8.14,4.54,96.2,8.88,10.43,120,4.14,5,7.14
Ankara12,03/10/2022,-23.93167188,0.217118346,8.114797522,2HW,Ankara,4,NO,HW4NOHEAT,12,17.87,8.15,4.54,125.2,11.56,10.17,120,1.86,8.8,6.3
Ankara13,03/10/2022,-15.71595556,0.382329881,178.8154451,2HW,Ankara,40,YES,HW40HEAT,13,26.11,61.03,40.96,92.5,5.94,9.17,69,30.21,51,6.18
Ankara14,03/10/2022,-16.5266256,0.052125274,193.1136864,2HW,Ankara,40,YES,HW40HEAT,14,23.07,59.91,40.17,81.9,5.57,9.32,89,35.6,120.63,5.31
Ankara15,03/10/2022,-26.93233416,0.223090742,-16.48358727,2HW,Ankara,4,YES,HW4HEAT,15,23.86,8.41,4.68,107,8.8,9.61,109,2.38,17,4.87
Ankara16,03/10/2022,-23.12261895,0.201605653,-98.57951235,2HW,Ankara,40,NO,HW40NOHEAT,16,17.9,59.95,40.22,122.8,9.15,9.16,56,42.49,115.48,3.9
Ankara1,06/10/2022,-20.47883148,0.045386404,138.5680677,2HW,Ankara,40,NO,HW40NOHEAT,1,15.84,58.75,39.28,97.7,7.62,9.86,102,96.26,64.4,6.8
Ankara2,06/10/2022,-20.13673271,0.196704657,-40.66310486,2HW,Ankara,40,YES,HW40HEAT,2,22.45,62.57,42.22,74,5.02,8.98,85,119.74,98.8,4.51
Ankara3,06/10/2022,-23.40068033,0.066215637,-235.2509946,2HW,Ankara,40,YES,HW40HEAT,3,21.49,58.83,39.38,60.88,4.27,9.2,82,131.1,97.36,3.54
Ankara4,06/10/2022,-28.12067552,0.215959804,-3.149899701,2HW,Ankara,4,NO,HW4NOHEAT,4,15.83,7.7,4.28,104.2,10.06,9.66,53,42.15,18.4,4.9
Ankara5,06/10/2022,-33.33708235,0.143355743,-24.06894036,2HW,Ankara,4,NO,HW4NOHEAT,5,15.98,7.03,3.88,93.3,9,10.33,120,2.34,6.2,5.63
Ankara6,06/10/2022,-24.50088096,0.379289014,-2.386718184,2HW,Ankara,4,YES,HW4HEAT,6,21.55,8.06,4.48,69.1,5.94,9.26,96,26.79,14,3.14
Ankara7,06/10/2022,-25.03137876,0.070504009,-148.8288172,2HW,Ankara,40,NO,HW40NOHEAT,7,15.86,58.4,39.01,109.4,8.54,9.68,66,64.04,287.12,5.26
Ankara8,06/10/2022,-26.21900682,0.326415657,-9.552044957,2HW,Ankara,4,YES,HW4HEAT,8,21.75,8.29,4.62,66.5,5.69,10.23,98,12.42,16.8,6
Ankara9,06/10/2022,-16.83322012,0.079693377,377.0599254,2HW,Ankara,40,NO,HW40NOHEAT,9,15.54,59.31,39.69,79.7,6.23,9.86,62,46.23,343.64,5.47
Ankara10,06/10/2022,-18.25377919,0.185654097,22.04423947,2HW,Ankara,4,YES,HW4HEAT,10,21.63,8.1,4.5,69.1,5.92,10.38,120,5.07,5.6,7.14
Ankara11,06/10/2022,-24.11030171,0.054149571,13.54579208,2HW,Ankara,4,NO,HW4NOHEAT,11,15.48,8.02,4.47,67.2,6.52,10.58,120,1.58,6.2,5.95
Ankara12,06/10/2022,-30.71590446,0.224571498,-13.48715362,2HW,Ankara,4,NO,HW4NOHEAT,12,15.88,8.04,4.48,98.4,9.47,10.32,120,1.76,10.6,6.06
Ankara13,06/10/2022,,,,2HW,Ankara,40,YES,HW40HEAT,13,21.88,60.12,40.35,66.5,4.61,9.28,85,61.44,77.67,5
Ankara14,06/10/2022,-22.64298493,0.059476768,-200.4064016,2HW,Ankara,40,YES,HW40HEAT,14,22.02,58.63,39.22,66.9,4.66,9.43,82,40.23,123.18,4.44
Ankara15,06/10/2022,-31.05083133,0.173366875,-27.68926291,2HW,Ankara,4,YES,HW4HEAT,15,21.32,8.24,4.59,86.7,7.48,9.79,102,3.58,13.2,6.34
Ankara16,06/10/2022,-15.65124662,0.159334562,439.137836,2HW,Ankara,40,NO,HW40NOHEAT,16,15.95,58.58,39.15,83,6.46,9.26,81,71.97,93.17,4.26
Ankara1,10/10/2022,-18.02537157,0.026395045,342.096757,3PostHW,Ankara,40,NO,post40NOHEAT,1,14.26,59.53,38.81,115.9,9.29,9.84,80,68.08,128,5.83
Ankara2,10/10/2022,-27.46099722,0.1427937,-324.1470478,3PostHW,Ankara,40,YES,post40HEAT,2,16.44,63.07,42.56,81.8,6.18,8.96,65,94.51,98.81,3.24
Ankara3,10/10/2022,-20.45734658,0.0502874,112.9919567,3PostHW,Ankara,40,YES,post40HEAT,3,16.67,59.97,40.22,91.6,6.99,9.15,70,110.24,94.64,4.49
Ankara4,10/10/2022,-36.21167671,0.205558969,-30.49839563,3PostHW,Ankara,4,NO,post4NOHEAT,4,14.23,8.1,4.52,110.9,11.06,9.69,70,23.93,20.86,4.76
Ankara5,10/10/2022,-35.61140721,0.100932625,-28.27939603,3PostHW,Ankara,4,NO,post4NOHEAT,5,14.28,7.08,3.91,104.5,10.45,10.38,120,0.85,8.25,6
Ankara6,10/10/2022,-35.872178,0.311887216,-36.24525119,3PostHW,Ankara,4,YES,post4HEAT,6,16.83,8.15,4.55,88.4,8.34,9.3,85,16.34,11.6,4.12
Ankara7,10/10/2022,-33.14151015,0.064377764,-583.4584645,3PostHW,Ankara,40,NO,post40NOHEAT,7,14.15,58.29,38.87,111.8,9.03,9.73,70,57.48,336.52,5
Ankara8,10/10/2022,-36.12631396,0.276837883,-36.43920752,3PostHW,Ankara,4,YES,post4HEAT,8,16.52,8.93,5.01,88.9,8.42,10.26,120,6.59,17.33,5.86
Ankara9,10/10/2022,-26.88770773,0.080918626,-192.7524231,3PostHW,Ankara,40,NO,post40NOHEAT,9,13.99,59.66,39.89,106.1,8.55,9.83,70,44.95,313.04,6.08
Ankara10,10/10/2022,-27.58149198,0.243009703,-2.404534792,3PostHW,Ankara,4,YES,post4HEAT,10,16.35,9.3,5.24,94.4,8.96,10.39,120,1.6,7.4,6.47
Ankara11,10/10/2022,-28.39334434,0.040621162,0.796912086,3PostHW,Ankara,4,NO,post4NOHEAT,11,14.03,8.11,4.53,96.6,9.68,10.51,120,1.27,4.8,7.43
Ankara12,10/10/2022,-28.77169114,0.205561263,-1.108197943,3PostHW,Ankara,4,NO,post4NOHEAT,12,14.17,8.08,4.51,117.4,11.72,10.36,120,0.48,8.8,7.19
Ankara13,10/10/2022,-24.11529613,0.117063471,-119.9706022,3PostHW,Ankara,40,YES,post40HEAT,13,16.67,60.54,40.64,79.3,6.04,9.22,75,93.69,107.6,4.39
Ankara14,10/10/2022,-26.34453545,0.042323282,-257.3621682,3PostHW,Ankara,40,YES,post40HEAT,14,16.55,59.48,39.84,84,6.44,9.41,100,56.47,69.33,4.73
Ankara15,10/10/2022,,,,3PostHW,Ankara,4,YES,post4HEAT,15,16.66,8.41,4.7,100.8,9.53,9.89,120,2.18,11.6,6.32
Ankara16,10/10/2022,-23.90644849,0.144018949,-28.62570501,3PostHW,Ankara,40,NO,post40NOHEAT,16,14.5,58.25,38.86,106.6,8.55,9.29,70,68.19,183,4.26
Ankara1,13/10/2022,-14.68790968,0.097459487,532.5509858,3PostHW,Ankara,40,NO,post40NOHEAT,1,14.78,58.72,39.22,123.6,9.84,9.95,78,77.14,109,6.54
Ankara2,13/10/2022,-16.55395682,0.083981748,394.9492855,3PostHW,Ankara,40,YES,post40HEAT,2,15.52,61.82,41.59,97.3,7.52,9.05,78,83.62,151.5,4.14
Ankara3,13/10/2022,-18.59562133,0.033133914,263.8894451,3PostHW,Ankara,40,YES,post40HEAT,3,15.61,58.81,39.32,102,7.98,9.22,71,83.29,155.5,4.24
Ankara4,13/10/2022,-24.58477554,0.356310598,13.81042855,3PostHW,Ankara,4,NO,post4NOHEAT,4,14.71,7.86,4.38,126.1,12.46,9.77,65,27.96,18.5,5
Ankara5,13/10/2022,-27.23951555,0.058463388,3.354588494,3PostHW,Ankara,4,NO,post4NOHEAT,5,14.72,6.98,3.86,114.8,11.38,10.44,120,2.42,5.27,6.06
Ankara6,13/10/2022,-24.42400321,0.166126112,11.59232964,3PostHW,Ankara,4,YES,post4HEAT,6,15.75,8.12,4.53,132.6,12.8,9.54,102,16.1,15,4.42
Ankara7,13/10/2022,-28.86793143,0.038647535,-345.7477844,3PostHW,Ankara,40,NO,post40NOHEAT,7,14.76,57.47,38.28,126.6,10.14,9.78,71,56.5,336.15,5.54
Ankara8,13/10/2022,-26.7086206,0.23073799,3.205292334,3PostHW,Ankara,4,YES,post4HEAT,8,15.53,8.55,4.79,111,10.74,10.42,120,5.94,17.6,5.81
Ankara9,13/10/2022,-13.65850963,0.083981748,602.5338127,3PostHW,Ankara,40,NO,post40NOHEAT,9,14.56,58.37,38.95,116.7,9.35,9.83,63,45.44,209,5.49
Ankara10,13/10/2022,-19.69032911,0.139060886,30.95071612,3PostHW,Ankara,4,YES,post4HEAT,10,15.47,8.48,4.75,138.6,13.44,10.55,120,1.31,6.4,7.78
Ankara11,13/10/2022,-16.29958845,0.050465267,47.03116843,3PostHW,Ankara,4,NO,post4NOHEAT,11,14.47,8.05,4.49,96.9,9.61,10.55,120,2.3,8.8,5.71
Ankara12,13/10/2022,-19.16771359,0.058462666,34.8395463,3PostHW,Ankara,4,NO,post4NOHEAT,12,14.8,7.95,4.43,138.2,13.63,10.41,120,0.69,14.4,7.19
Ankara13,13/10/2022,-13.55631403,0.057638894,580.3346062,3PostHW,Ankara,40,YES,post40HEAT,13,15.61,59.43,39.78,100.9,7.88,9.22,71,59.03,116.8,4.29
Ankara14,13/10/2022,-21.31010163,0.007403685,92.81728327,3PostHW,Ankara,40,YES,post40HEAT,14,15.64,57.74,38.51,109.1,8.58,9.42,107,27.32,67.14,4.92
Ankara15,13/10/2022,-26.4309476,0.107066584,4.62944138,3PostHW,Ankara,4,YES,post4HEAT,15,15.4,8.31,4.64,120.4,11.7,10.1,120,3.37,9.8,6.15
Ankara16,13/10/2022,-18.86326577,0.115838222,269.6545326,3PostHW,Ankara,40,NO,post40NOHEAT,16,14.91,57.53,38.33,125.5,10.02,9.33,73,82.28,160.67,4.46
Ankara1,17/10/2022,-25.72947623,0.023944547,-122.3097028,3PostHW,Ankara,40,NO,post40NOHEAT,1,14,58.59,39.09,79.8,6.46,9.79,70,79.64,95.81,5.63
Ankara2,17/10/2022,-24.66118146,0.165460807,-68.65441415,3PostHW,Ankara,40,YES,post40HEAT,2,14.32,61.82,41.54,73.2,5.8,9.02,75,64.61,165.42,3.38
Ankara3,17/10/2022,-25.72315114,0.03803491,-132.7975552,3PostHW,Ankara,40,YES,post40HEAT,3,14.29,58.73,39.21,72.1,5.8,9.23,70,90.59,65.43,4.12
Ankara4,17/10/2022,-28.62629474,0.256034551,-0.151448927,3PostHW,Ankara,4,NO,post4NOHEAT,4,14.04,8.21,4.59,88.4,8.84,8.57,75,32.55,16.8,3.71
Ankara5,17/10/2022,-33.59851368,0.079396337,-19.51713289,3PostHW,Ankara,4,NO,post4NOHEAT,5,13.98,6.96,3.84,75.1,7.56,10.35,120,2.59,8,5.52
Ankara6,17/10/2022,-24.99189075,0.089239153,13.40376248,3PostHW,Ankara,4,YES,post4HEAT,6,14.29,8.1,4.52,70.4,7.01,9.55,120,19.92,15.71,4.55
Ankara7,17/10/2022,-25.58308173,0.073567132,-111.1749473,3PostHW,Ankara,40,NO,post40NOHEAT,7,13.94,57.53,38.3,80.3,6.54,9.77,72,59.75,135,4.81
Ankara8,17/10/2022,-32.90465349,0.18094422,-17.2648516,3PostHW,Ankara,4,YES,post4HEAT,8,14.14,8.39,4.69,70.2,7.01,10.31,120,5.52,6.8,6.3
Ankara9,17/10/2022,-29.81124221,0.075405005,-363.1918983,3PostHW,Ankara,40,NO,post40NOHEAT,9,13.78,57.95,38.6,75.6,6.16,9.81,67,24.5,208.13,5.1
Ankara10,17/10/2022,-30.67269422,0.27511037,-8.409220347,3PostHW,Ankara,4,YES,post4HEAT,10,14.11,8.4,4.7,87.3,8.72,10.46,120,3.6,5,6.29
Ankara11,17/10/2022,-26.15228504,0.043085204,10.57769604,3PostHW,Ankara,4,NO,post4NOHEAT,11,13.69,8,4.46,70.1,7.08,10.41,120,2.81,6,6.13
Ankara12,17/10/2022,-21.01570393,0.173565852,30.09095644,3PostHW,Ankara,4,NO,post4NOHEAT,12,13.92,7.93,4.42,90.7,9.11,10.3,120,0.89,6.2,6.25
Ankara13,17/10/2022,-19.97940148,0.224272759,218.6947084,3PostHW,Ankara,40,YES,post40HEAT,13,14.35,59.14,39.52,79.4,6.37,9.21,80,60.27,83.6,3.23
Ankara14,17/10/2022,-21.6554405,0.031908665,117.9449943,3PostHW,Ankara,40,YES,post40HEAT,14,14.28,57.63,38.39,77.2,6.24,9.46,112,38.15,56.33,4.44
Ankara15,17/10/2022,-25.77721905,0.153249876,10.86281455,3PostHW,Ankara,4,YES,post4HEAT,15,14.1,8.51,4.76,67.7,6.76,10.15,120,2.44,7.2,5.41
Ankara16,17/10/2022,-22.17236818,0.106648855,94.71357327,3PostHW,Ankara,40,NO,post40NOHEAT,16,14.04,57.52,38.3,75.2,6.11,9.34,72,51.98,130.63,4.39
Ankara1,20/10/2022,,,,3PostHW,Ankara,40,NO,post40NOHEAT,1,14.42,58.09,38.74,116.7,9.39,9.8,84,74.75,73.6,5.24
Ankara2,20/10/2022,,,,3PostHW,Ankara,40,YES,post40HEAT,2,14.53,61.2,41.08,121.4,9.6,9.2,74,71.37,112.5,4.29
Ankara3,20/10/2022,,,,3PostHW,Ankara,40,YES,post40HEAT,3,14.53,58.14,38.78,115.5,9.26,9.26,74,98.67,73.33,4.64
Ankara4,20/10/2022,,,,3PostHW,Ankara,4,NO,post4NOHEAT,4,14.37,7.7,4.28,129.2,12.86,9.79,65,28.92,25.6,4.57
Ankara5,20/10/2022,,,,3PostHW,Ankara,4,NO,post4NOHEAT,5,14.4,6.77,3.73,123.1,12.29,10.37,120,1.39,4.82,6.54
Ankara6,20/10/2022,,,,3PostHW,Ankara,4,YES,post4HEAT,6,14.46,8.04,4.48,121.3,12.04,9.66,120,15.29,9.25,4.62
Ankara7,20/10/2022,,,,3PostHW,Ankara,40,NO,post40NOHEAT,7,14.42,56.97,37.9,126.7,10.24,9.82,61,64.98,138.46,4.85
Ankara8,20/10/2022,-38.35080176,0.05046603,-39.32500307,3PostHW,Ankara,4,YES,post4HEAT,8,14.37,8.49,4.76,110,10.93,10.42,120,2.73,5.18,6.41
Ankara9,20/10/2022,-23.36169274,0.094396365,12.74344141,3PostHW,Ankara,40,NO,post40NOHEAT,9,14.28,57.53,38.31,121.6,9.83,9.83,63,25.49,284.29,5
Ankara10,20/10/2022,,,,3PostHW,Ankara,4,YES,post4HEAT,10,14.34,8.31,4.64,117.7,11.7,10.58,120,1.11,4.41,6.92
Ankara11,20/10/2022,-34.99218345,0.017848747,-25.34415687,3PostHW,Ankara,4,NO,post4NOHEAT,11,14.1,7.92,4.41,118.4,11.85,10.5,120,4.44,7.64,6.33
Ankara12,20/10/2022,,,,3PostHW,Ankara,4,NO,post4NOHEAT,12,14.4,7.86,4.38,145.8,14.5,10.4,120,1.31,5.71,6.43
Ankara13,20/10/2022,-29.7044429,0.093171116,-389.7930656,3PostHW,Ankara,40,YES,post40HEAT,13,14.57,59,39.42,128.2,10.24,9.31,58,62.93,79.2,3.75
Ankara14,20/10/2022,,,,3PostHW,Ankara,40,YES,post40HEAT,14,14.55,57.09,37.99,128.1,10.33,9.53,96,17.57,67.2,4.71
Ankara15,20/10/2022,,,,3PostHW,Ankara,4,YES,post4HEAT,15,14.36,8.17,4.56,113.3,11.27,10.3,120,1.41,5.79,6.18
Ankara16,20/10/2022,,,,3PostHW,Ankara,40,NO,post40NOHEAT,16,14.46,57.3,38.15,124,10,9.45,65,80.8,181,4.64
Ankara1,03/11/2022,-23.14150831,,181.0475649,3PostHW,Ankara,40,NO,post40NOHEAT,1,10.19,58.8,39.01,127.7,11.29,,94,24.67,117,5.51
Ankara2,03/11/2022,-29.96398551,0.185064791,-202.4510279,3PostHW,Ankara,40,YES,post40HEAT,2,9.9,62,41.38,158,13.72,,68,56.97,121.33,3.79
Ankara3,03/11/2022,-29.59295037,0.034359163,-183.8931903,3PostHW,Ankara,40,YES,post40HEAT,3,9.96,59.14,39.24,110,9.67,,69,64.42,150.67,5
Ankara4,03/11/2022,-25.75330931,0.161388115,24.18034888,3PostHW,Ankara,4,NO,post4NOHEAT,4,9.97,7.85,4.36,118.9,13.07,,70,17.15,18.6,4.36
Ankara5,03/11/2022,-30.47638059,0.056047657,5.472631514,3PostHW,Ankara,4,NO,post4NOHEAT,5,10.02,6.76,3.72,123.3,13.59,,120,1.66,7.6,5.76
Ankara6,03/11/2022,-27.66573177,0.10040562,17.26960404,3PostHW,Ankara,4,YES,post4HEAT,6,9.8,8.07,4.49,111.4,12.27,,120,15.11,15.8,5.94
Ankara7,03/11/2022,-28.72213079,0.039872784,-135.6984375,3PostHW,Ankara,40,NO,post40NOHEAT,7,10.01,58.14,38.51,118.5,10.45,,66,47.69,155,6.5
Ankara8,03/11/2022,-33.97273617,0.312946245,-7.304045408,3PostHW,Ankara,4,YES,post4HEAT,8,9.75,8.44,4.71,127.4,14.4,,120,3.09,8.8,6.4
Ankara9,03/11/2022,-16.43113347,0.055801021,584.8189841,3PostHW,Ankara,40,NO,post40NOHEAT,9,9.79,59,39.12,110.3,9.74,,64,39.2,188,5.11
Ankara10,03/11/2022,-37.62820555,0.210670929,-22.3819952,3PostHW,Ankara,4,YES,post4HEAT,10,9.95,8.13,4.53,99.4,10.92,,120,0.81,7.8,5.56
Ankara11,03/11/2022,-40.06034679,0.064058474,-31.44285747,3PostHW,Ankara,4,NO,post4NOHEAT,11,9.82,8.11,4.51,101.4,11.17,,120,34.91,10.8,5.33
Ankara12,03/11/2022,-40.24647954,0.152756489,-33.45088771,3PostHW,Ankara,4,NO,post4NOHEAT,12,10.18,8.09,4.5,143,15.62,,120,1.01,9.4,6.54
Ankara13,03/11/2022,-35.15510567,0.126252839,-515.4848547,3PostHW,Ankara,40,YES,post40HEAT,13,10.15,59.67,39.66,126.6,11.06,,63,35.92,91.5,2.03
Ankara14,03/11/2022,-25.60111826,0.045999029,43.49168715,3PostHW,Ankara,40,YES,post40HEAT,14,10.06,57.87,38.31,133.8,11.81,,91,26.93,96,5
Ankara15,03/11/2022,-33.44703312,0.146616079,-4.869770308,3PostHW,Ankara,4,YES,post4HEAT,15,9.6,8.2,4.57,115.3,12.76,,120,1.7,9.8,6.57
Ankara16,03/11/2022,-18.59664541,0.068053511,445.8673131,3PostHW,Mersin,40,NO,pre40NOHEAT,16,10.17,58.24,38.59,113.3,9.96,,49,53.78,185,5
Mersin1,29/08/2022,-25.84179241,0.124414965,600.7947487,3PostHW,Mersin,40,NO,pre40HEAT,1,28.2,60.1,40.18,103.1,6.43,,95,58.74,55.8,2.46
Mersin2,29/08/2022,-21.29882511,1.185802823,1576.698756,3PostHW,Mersin,40,YES,pre40HEAT,2,28.2,59.95,40.08,123,7.68,,50,135.3,65.2,2.94
Mersin3,29/08/2022,-23.64090197,0.140955827,802.7059225,3PostHW,Mersin,40,YES,pre4NOHEAT,3,28.2,60.64,40.6,90,5.58,,100,76.34,61.6,2.54
Mersin4,29/08/2022,-32.10360495,0.348305125,4.286062878,3PostHW,Mersin,4,NO,pre4NOHEAT,4,27.9,7.9,4.35,97.8,7.48,,50,127.82,30.2,3.81
Mersin5,29/08/2022,-32.46483711,0.268449398,29.96444826,3PostHW,Mersin,4,NO,pre4HEAT,5,28,7.82,4.3,104,7.95,,70,92.84,15.8,3.78
Mersin6,29/08/2022,-32.90499069,0.523676475,31.89291577,3PostHW,Mersin,4,YES,pre40NOHEAT,6,28.1,7.82,4.3,126,9.66,,55,97.02,19.6,4.12
Mersin7,29/08/2022,-24.24736164,0.299012949,970.8329922,3PostHW,Mersin,40,NO,pre4HEAT,7,28.3,60.33,40.36,91,5.63,,100,53.9,56.2,2.33
Mersin8,29/08/2022,-31.83363319,0.922541509,37.69509444,3PostHW,Mersin,4,YES,pre40NOHEAT,8,28.3,7.77,4.27,126.7,9.63,,60,83.38,19.6,3.61
Mersin9,29/08/2022,-18.43832934,1.649092561,2047.824828,3PostHW,Mersin,40,NO,pre4HEAT,9,28.2,60.64,40.6,108.4,6.75,,75,60.06,57.8,2.56
Mersin10,29/08/2022,-31.44745261,0.67469124,55.55422743,3PostHW,Mersin,4,YES,pre4NOHEAT,10,28.1,7.89,4.35,173.2,13.2,,60,92.4,21.8,3.94
Mersin11,29/08/2022,-32.21934097,1.037911603,59.68703544,3PostHW,Mersin,4,NO,pre4NOHEAT,11,27.9,7.75,4.26,169.8,13.01,,70,99.22,23.6,4
Mersin12,29/08/2022,-32.43370107,1.119462952,77.36885797,3PostHW,Mersin,4,NO,pre40HEAT,12,28,8.23,4.55,186.6,14.24,,60,102.52,21.2,3.41
Mersin13,29/08/2022,-22.65575185,0.343734538,667.920083,3PostHW,Mersin,40,YES,pre40HEAT,13,28.4,60.81,40.72,103.9,6.4,,100,50.82,43.6,1.74
Mersin14,29/08/2022,-23.71578125,0.259192356,1844.958533,3PostHW,Mersin,40,YES,pre4HEAT,14,28.6,60.06,40.15,99.9,6.2,,70,68.2,56,1.93
Mersin15,29/08/2022,-31.41958949,2.208372003,45.5551109,3PostHW,Mersin,4,YES,pre40NOHEAT,15,28.3,7.93,4.37,92.4,7.03,,70,66.22,19.2,3.56
Mersin16,29/08/2022,-22.69313758,0.830550473,2215.489388,3PostHW,Mersin,40,NO,post40NOHEAT,16,28.4,60.22,40.27,107.9,6.7,,60,93.72,54.2,3.09
Mersin1,05/09/2022,-20.52942404,0.140343202,-72.17636134,1PreHW,Mersin,40,NO,pre40NOHEAT,1,28.9,62.38,41.91,67.4,4.12,,80,86.9,57,1.72
Mersin2,05/09/2022,-20.89588148,0.746662619,28.69521268,1PreHW,Mersin,40,YES,pre40HEAT,2,28.8,62.21,41.79,91.1,5.58,,55,111.98,79,1.32
Mersin3,05/09/2022,-23.47632393,0.142181076,-203.3286,1PreHW,Mersin,40,YES,pre40HEAT,3,28.8,63.02,42.4,70.4,4.29,,90,79.42,61,1.79
Mersin4,05/09/2022,-30.8064615,0.261678011,21.88754132,1PreHW,Mersin,4,NO,pre4NOHEAT,4,28.6,8.31,4.59,85.4,6.44,,60,103.35,38.4,2.59
Mersin5,05/09/2022,-32.23662265,0.377760796,-7.41587964,1PreHW,Mersin,4,NO,pre4NOHEAT,5,28.7,8.16,4.5,91.7,6.92,,70,50.16,16.2,3.04
Mersin6,05/09/2022,-30.65220246,0.60647125,19.88148892,1PreHW,Mersin,4,YES,pre4HEAT,6,28.8,8.12,4.48,93.2,7.01,,80,52.58,16.2,2.2
Mersin7,05/09/2022,-23.88721312,0.345572411,432.2148868,1PreHW,Mersin,40,NO,pre40NOHEAT,7,28.8,62.69,42.14,70.5,4.3,,100,66.22,72,2.04
Mersin8,05/09/2022,-30.1641938,1.325176373,19.88148892,1PreHW,Mersin,4,YES,pre4HEAT,8,28.8,8.2,4.52,89.7,6.73,,70,55.66,20.8,3.06
Mersin9,05/09/2022,-19.41238771,0.513428965,566.7849726,1PreHW,Mersin,40,NO,pre40NOHEAT,9,28.7,63.03,42.41,71,4.34,,100,49.72,63,1.89
Mersin10,05/09/2022,-30.82429823,0.522367459,35.46809581,1PreHW,Mersin,4,YES,pre4HEAT,10,28.8,8.22,4.54,75.8,5.7,,70,39.82,20.2,2.78
Mersin11,05/09/2022,-31.24590301,1.02446099,31.66231347,1PreHW,Mersin,4,NO,pre4NOHEAT,11,28.6,8.1,4.46,106.8,8.08,,70,54.34,22.4,2.58
Mersin12,05/09/2022,-31.10142898,1.019344406,21.82981478,1PreHW,Mersin,4,NO,pre4NOHEAT,12,28.8,8.64,4.79,104.2,7.84,,60,69.3,21.2,3.04
Mersin13,05/09/2022,-22.65454553,0.282472087,734.8546424,1PreHW,Mersin,40,YES,pre40HEAT,13,28.8,63.28,42.6,68.4,4.17,,105,25.96,53.8,1.75
Mersin14,05/09/2022,-22.56214182,0.304526569,499.2679949,1PreHW,Mersin,40,YES,pre40HEAT,14,29.2,62.45,41.91,56.4,3.42,,60,133.76,65,1.74
Mersin15,05/09/2022,-32.50647378,2.726269074,35.46809581,1PreHW,Mersin,4,YES,pre4HEAT,15,28.8,8.32,4.59,91.2,6.87,,85,26.84,22.8,2.4
Mersin16,05/09/2022,-22.42516362,0.536307471,129.536389,1PreHW,Mersin,40,NO,pre40NOHEAT,16,29.1,62.48,41.97,84.5,5.14,,60,63.36,64.4,1.95
Mersin1,08/09/2022,-21.02569298,0.11828872,28.73915875,1PreHW,Mersin,40,NO,pre40NOHEAT,1,27.5,57.93,38.57,125,7.96,9.27,50,97.02,72.6,
Mersin2,08/09/2022,-21.71254593,0.556008406,-510.462274,1PreHW,Mersin,40,YES,pre40HEAT,2,27.3,58.04,38.66,142.5,9.1,9.07,50,168.52,78,
Mersin3,08/09/2022,-27.20624018,0.181389044,-105.8504703,1PreHW,Mersin,40,YES,pre40HEAT,3,28.5,57.78,38.42,231.2,14.27,9.5,80,51.48,57,
Mersin4,08/09/2022,-32.65851842,0.270310368,8.278896775,1PreHW,Mersin,4,NO,pre4NOHEAT,4,27.3,8.12,4.48,113.7,8.74,10.04,50,63.8,30.4,
Mersin5,08/09/2022,-31.27824645,0.374736363,10.2688365,1PreHW,Mersin,4,NO,pre4NOHEAT,5,27.4,7.87,4.33,124.4,9.63,10.35,70,46.86,15.4,
Mersin6,08/09/2022,,,,1PreHW,Mersin,4,YES,pre4HEAT,6,27.5,7.92,4.37,122.4,9.44,10.27,65,38.28,17.2,
Mersin7,08/09/2022,-24.11146025,0.321067431,197.1177466,1PreHW,Mersin,40,NO,pre40NOHEAT,7,27.7,59.65,39.86,109.6,6.9,9.33,80,70.84,56.6,
Mersin8,08/09/2022,-29.46011901,0.862051299,10.23119177,1PreHW,Mersin,4,YES,pre4HEAT,8,27.8,8,4.4,111,8.51,9.87,95,37.84,16.4,
Mersin9,08/09/2022,-20.90603413,0.568718687,-206.9429906,1PreHW,Mersin,40,NO,pre40NOHEAT,9,27.9,60.45,40.48,101.4,6.34,9.17,80,105.16,56.8,
Mersin10,08/09/2022,-32.62126179,0.958279789,0.313065852,1PreHW,Mersin,4,YES,pre4HEAT,10,27.7,8.06,4.45,98.1,7.52,9.96,70,35.42,10,
Mersin11,08/09/2022,-33.07514671,0.503305842,10.02213779,1PreHW,Mersin,4,NO,pre4NOHEAT,11,27.7,7.75,4.26,134.1,10.32,10.11,70,48.4,18.3,
Mersin12,08/09/2022,,,,1PreHW,Mersin,4,NO,pre4NOHEAT,12,27.8,8.23,4.55,113,8.66,9.98,60,88.66,23,
Mersin13,08/09/2022,-22.68807269,0.52677476,-72.2763838,1PreHW,Mersin,40,YES,pre40HEAT,13,27.9,61.6,41.35,84.7,5.26,9.07,95,46.64,50.4,
Mersin14,08/09/2022,-20.12636112,0.573167285,-105.9100523,1PreHW,Mersin,40,YES,pre40HEAT,14,28.1,62.83,39.63,88.8,5.57,8.99,50,95.48,64.2,
Mersin15,08/09/2022,-29.48360726,2.372904664,20.1680187,1PreHW,Mersin,4,YES,pre4HEAT,15,27.7,8,4.41,114.8,8.81,10.17,75,32.34,28.6,
Mersin16,08/09/2022,-25.41654218,0.644980372,163.3901781,1PreHW,Mersin,40,NO,pre40NOHEAT,16,27.9,59.72,39.91,111.8,7.02,9.19,50,100.32,66.4,
Mersin1,12/09/2022,-24.71254456,0.142181076,399.1816814,1PreHW,Mersin,40,NO,pre40NOHEAT,1,27.7,58.68,39.13,66.8,4.23,8.92,50,35.86,63.4,1.71
Mersin2,12/09/2022,-23.99181093,0.505802797,668.9398037,1PreHW,Mersin,40,YES,pre40HEAT,2,27.4,58.74,39.19,73.9,4.7,8.67,85,207.09,74.2,1.52
Mersin3,12/09/2022,-24.65251024,0.13728008,197.1177466,1PreHW,Mersin,40,YES,pre40HEAT,3,27.7,60.7,40.66,73.1,4.58,8.86,70,128.7,51.4,1.71
Mersin4,12/09/2022,-32.57306225,0.262324567,26.27397134,1PreHW,Mersin,4,NO,pre4NOHEAT,4,27.3,7.97,4.4,86.9,6.72,9.81,60,25.08,15.2,3
Mersin5,12/09/2022,-33.1357057,0.302244714,2.29408457,1PreHW,Mersin,4,NO,pre4NOHEAT,5,27.6,7.98,4.4,108.8,8.38,10.18,75,17.82,6.6,3.48
Mersin6,12/09/2022,-31.32847559,0.512231934,16.21681949,1PreHW,Mersin,4,YES,pre4HEAT,6,27.6,8.03,4.43,113,8.7,10.17,50,45.54,9.8,3.6
Mersin7,12/09/2022,-26.12950537,0.376203636,735.7232571,1PreHW,Mersin,40,NO,pre40NOHEAT,7,27.9,60.56,40.55,75.1,4.7,8.98,80,77.44,52.8,1.75
Mersin8,12/09/2022,-34.62049717,1.111212208,30.09549512,1PreHW,Mersin,4,YES,pre4HEAT,8,27.7,7.92,4.36,131.3,10.08,9.84,70,23.32,12,2.41
Mersin9,12/09/2022,-21.71652182,0.803223369,230.7234816,1PreHW,Mersin,40,NO,pre40NOHEAT,9,27.9,61.45,41.23,63,3.93,8.9,70,64.02,54.2,1.43
Mersin10,12/09/2022,-33.17601195,0.567022125,18.15936505,1PreHW,Mersin,4,YES,pre4HEAT,10,27.8,8.1,4.47,85.2,6.52,9.74,90,43.12,14.4,2.5
Mersin11,12/09/2022,-32.86683387,0.988856495,22.12345169,1PreHW,Mersin,4,NO,pre4NOHEAT,11,27.8,7.86,4.33,118.2,9.07,9.95,60,29.97,17,2.5
Mersin12,12/09/2022,-34.4995868,0.626913928,35.94376149,1PreHW,Mersin,4,NO,pre4NOHEAT,12,27.9,8.35,4.62,117.2,8.97,9.88,70,45.1,11,2.76
Mersin13,12/09/2022,-24.97768194,0.515335507,533.7233469,1PreHW,Mersin,40,YES,pre40HEAT,13,27.9,62.59,42.1,75.1,4.66,8.81,70,80.74,53.49,1.35
Mersin14,12/09/2022,-20.87849073,0.562363546,-173.249397,1PreHW,Mersin,40,YES,pre40HEAT,14,28,60.2,40.27,56.2,3.51,8.6,55,166.76,68.1,0.81
Mersin15,12/09/2022,-31.88400771,2.031355595,0.313065852,1PreHW,Mersin,4,YES,pre4HEAT,15,27.7,8.08,4.46,100.1,7.68,10.05,100,21.78,12.4,3.18
Mersin16,12/09/2022,-24.77185123,0.947485057,-105.9262772,1PreHW,Mersin,40,NO,pre40NOHEAT,16,28,60.62,40.59,82.9,5.18,8.84,50,49.96,71.43,0.94
Mersin1,15/09/2022,-24.0342282,0.249390364,-487.2396725,1PreHW,Mersin,40,NO,pre40NOHEAT,1,28.1,57.22,38.01,85.1,5.38,9.03,60,46.64,64,
Mersin2,15/09/2022,-22.11094524,0.697728038,-380.3179887,1PreHW,Mersin,40,YES,pre40HEAT,2,29.4,58.76,39.13,50.9,3.13,8.68,50,101.92,73.4,
Mersin3,15/09/2022,-22.79728041,0.202218277,-444.3767793,1PreHW,Mersin,40,YES,pre40HEAT,3,29.8,59.86,39.94,62.8,3.82,8.97,70,43.76,58,
Mersin4,15/09/2022,-24.92333821,0.285059005,-14.24226831,1PreHW,Mersin,4,NO,pre4NOHEAT,4,27.1,7.5,4.22,98.7,7.76,9.93,95,7.7,13,
Mersin5,15/09/2022,-23.61513963,0.323142703,-9.241150087,1PreHW,Mersin,4,NO,pre4NOHEAT,5,27.2,7.48,4.11,124.6,9.68,10.31,80,14.3,18.4,
Mersin6,15/09/2022,-25.35326956,0.545289708,-19.06103829,1PreHW,Mersin,4,YES,pre4HEAT,6,29.1,7.49,4.1,115.8,8.71,10.17,110,6.6,11.6,
Mersin7,15/09/2022,-20.25962898,0.542662611,-194.2127405,1PreHW,Mersin,40,NO,pre40NOHEAT,7,27.7,59.5,39.73,83.2,5.24,9.23,80,31.24,76,
Mersin8,15/09/2022,-18.1696596,1.13907552,8.994396026,1PreHW,Mersin,4,YES,pre4HEAT,8,29.3,7.66,4.19,113.8,8.56,9.95,90,12.98,16,
Mersin9,15/09/2022,-13.52518622,0.866139259,308.303175,1PreHW,Mersin,40,NO,pre40NOHEAT,9,27.6,59.68,39.88,69,4.33,9,90,43.56,52,
Mersin10,15/09/2022,-17.98340398,0.679087398,10.03567289,1PreHW,Mersin,4,YES,pre4HEAT,10,29.1,7.7,4.23,88.8,6.69,9.68,115,11.66,14,
Mersin11,15/09/2022,-20.67474145,0.922632448,2.200560477,1PreHW,Mersin,4,NO,pre4NOHEAT,11,27.3,7.49,4.12,85.6,6.6,9.82,90,11.22,16,
Mersin12,15/09/2022,-20.08620547,0.388250657,4.360851803,1PreHW,Mersin,4,NO,pre4NOHEAT,12,27.4,7.75,4.27,114.4,8.89,9.98,90,15.4,14.6,
Mersin13,15/09/2022,-20.67512408,0.653242055,-271.0946455,1PreHW,Mersin,40,YES,pre40HEAT,13,29.4,60.49,40.52,76,4.68,9.08,60,114.56,70.68,
Mersin14,15/09/2022,-18.45053869,0.81275608,-99.03466406,1PreHW,Mersin,40,YES,pre40HEAT,14,29.3,58.38,38.84,67.2,4.13,8.83,45,98.21,76.19,
Mersin15,15/09/2022,-18.5709677,1.227020797,7.70948679,1PreHW,Mersin,4,YES,pre4HEAT,15,29.1,7.56,4.14,106.5,8.06,9.95,100,10.34,12.6,
Mersin16,15/09/2022,-18.93146241,0.779073835,-95.53818569,1PreHW,Mersin,40,NO,pre40NOHEAT,16,27.7,59.32,39.62,82.6,5.21,8.95,40,51.45,85.26,
Mersin1,19/09/2022,-22.14800066,0.162397685,-343.2402747,1PreHW,Mersin,40,NO,pre40NOHEAT,1,28,57.77,38.49,60.3,3.8,8.75,60,65.04,63,1.08
Mersin2,19/09/2022,-25.06820847,0.511522423,-567.9344295,1PreHW,Mersin,40,YES,pre40HEAT,2,28.2,59.37,39.64,71.7,4.46,8.36,40,155.33,104.41,0.83
Mersin3,19/09/2022,-22.62496361,0.13054121,-390.4827507,1PreHW,Mersin,40,YES,pre40HEAT,3,28.4,60.48,40.48,73.4,4.52,8.66,65,120.06,58,1.43
Mersin4,19/09/2022,-27.84852611,0.173247246,-26.58564558,1PreHW,Mersin,4,NO,pre4NOHEAT,4,27.6,7.83,4.31,102.4,7.96,10.23,100,10.34,12.2,3.33
Mersin5,19/09/2022,-28.62773352,0.22422982,-29.80689762,1PreHW,Mersin,4,NO,pre4NOHEAT,5,27.7,7.57,4.16,109.4,8.44,10.5,70,24.42,12,2.5
Mersin6,19/09/2022,-20.62918696,0.326793774,0.792317149,1PreHW,Mersin,4,YES,pre4HEAT,6,28.3,7.59,4.17,117.5,8.98,10.41,100,9.68,7.8,4.74
Mersin7,19/09/2022,-19.20720957,0.361500648,-126.4405967,1PreHW,Mersin,40,NO,pre40NOHEAT,7,28.1,60.05,40.15,76.5,4.75,8.87,70,21.28,68.91,1.32
Mersin8,19/09/2022,-21.26038643,0.873470217,-1.848928517,1PreHW,Mersin,4,YES,pre4HEAT,8,28.4,7.89,4.33,118.7,9.08,10.05,90,4.4,14,2.73
Mersin9,19/09/2022,-20.35467601,0.624643923,-212.2650037,1PreHW,Mersin,40,NO,pre40NOHEAT,9,28.1,60.18,40.26,79,4.89,8.82,70,101.68,95.53,1.14
Mersin10,19/09/2022,-22.03966204,0.553603406,-4.911983085,1PreHW,Mersin,4,YES,pre4HEAT,10,28.5,7.79,4.29,112.8,8.66,9.95,110,52.14,34.4,2.69
Mersin11,19/09/2022,-21.93828443,0.562545254,-4.052560187,1PreHW,Mersin,4,NO,pre4NOHEAT,11,28.1,7.57,4.16,127.2,9.77,10.14,90,21.12,13.6,2.76
Mersin12,19/09/2022,-21.08600908,0.584847013,-0.700541036,1PreHW,Mersin,4,NO,pre4NOHEAT,12,28.1,7.84,4.31,117.4,8.98,10.31,70,15.18,14.4,3
Mersin13,19/09/2022,-19.74656754,0.318616933,-177.1641477,1PreHW,Mersin,40,YES,pre40HEAT,13,28.5,61.38,41.18,81.2,5,8.87,60,192.13,103.61,1.63
Mersin14,19/09/2022,-18.54921023,1.061877585,-92.03537786,1PreHW,Mersin,40,YES,pre40HEAT,14,28.7,59.03,39.36,61.5,3.8,8.55,40,168.42,114.55,0.73
Mersin15,19/09/2022,-22.10654883,0.87538174,-5.183716313,1PreHW,Mersin,4,YES,pre4HEAT,15,28.4,7.6,4.17,104.6,8.01,10.21,70,11,19,2.92
Mersin16,19/09/2022,,,,1PreHW,Mersin,40,NO,pre40NOHEAT,16,28.2,59.82,39.98,89.5,5.55,8.73,35,174.84,193.5,0.97
Mersin1,22/09/2022,-26.18932155,0.126865463,-578.811597,2HW,Mersin,40,NO,HW40NOHEAT,1,26,57.38,38.2,66.6,4.33,8.37,55,108.17,78.95,
Mersin2,22/09/2022,-19.47308594,0.495634572,-146.2980085,2HW,Mersin,40,YES,HW40HEAT,2,28.1,58.48,39.23,66.7,4.14,8.07,35,205.17,143.08,
Mersin3,22/09/2022,-22.56122892,0.1427937,-377.1824918,2HW,Mersin,40,YES,HW40HEAT,3,28.1,60.26,40.32,64,3.95,8.31,55,130.55,76.92,
Mersin4,22/09/2022,-24.02747134,0.157914957,-8.872368891,2HW,Mersin,4,NO,HW4NOHEAT,4,26,7.95,4.38,89.7,7.14,9.9,80,13.86,12.2,
Mersin5,22/09/2022,-21.64905993,0.219973836,1.032319457,2HW,Mersin,4,NO,HW4NOHEAT,5,25.7,7.42,4.08,96.6,7.7,10.11,75,21.12,18,
Mersin6,22/09/2022,-20.05056727,0.516672335,3.556241676,2HW,Mersin,4,YES,HW4HEAT,6,28,7.5,4.12,115,8.84,10.08,80,8.14,7.8,
Mersin7,22/09/2022,-20.97130643,0.389681375,-202.9657498,2HW,Mersin,40,NO,HW40NOHEAT,7,26.1,59.96,40.15,74.1,4.75,8.56,55,64.39,82.57,
Mersin8,22/09/2022,-20.3027215,0.761386837,3.18911753,2HW,Mersin,4,YES,HW4HEAT,8,27.6,7.47,4.1,111.3,8.59,9.74,70,11,12.8,
Mersin9,22/09/2022,-21.2033077,0.739036451,-222.5075959,2HW,Mersin,40,NO,HW40NOHEAT,9,26.2,58.53,39.07,88.1,5.65,8.64,45,143.88,74.76,
Mersin10,22/09/2022,-20.16691776,0.641563414,3.101949416,2HW,Mersin,4,YES,HW4HEAT,10,28,7.55,4.14,105.2,8.08,9.65,100,57.62,26.2,
Mersin11,22/09/2022,-27.29856113,0.578598286,-21.76543876,2HW,Mersin,4,NO,HW4NOHEAT,11,26,7.39,4.06,111.1,8.82,9.99,70,28.6,15.6,
Mersin12,22/09/2022,-21.2183952,0.519958273,2.040709691,2HW,Mersin,4,NO,HW4NOHEAT,12,26.1,7.62,4.2,105.4,8.32,10.11,60,31.68,14.8,
Mersin13,22/09/2022,-20.56395957,0.375591012,-222.4296504,2HW,Mersin,40,YES,HW40HEAT,13,27.9,60.84,40.75,68.9,4.23,8.57,50,173.25,72,
Mersin14,22/09/2022,-22.15762712,0.584606538,-346.8915246,2HW,Mersin,40,YES,HW40HEAT,14,28.1,59.24,39.55,51.9,3.23,8.25,45,148.12,84.5,
Mersin15,22/09/2022,-24.61937254,1.191466482,-14.47718585,2HW,Mersin,4,YES,HW4HEAT,15,28,7.55,4.14,96.8,7.48,9.98,110,9.46,8.4,
Mersin16,22/09/2022,-20.23803772,0.664045793,-149.5833691,2HW,Mersin,40,NO,HW40NOHEAT,16,26.1,59.53,39.81,88,5.63,8.62,35,177.83,162.5,
Mersin1,26/09/2022,-22.4726036,0.119513969,-227.953282,2HW,Mersin,40,NO,HW40NOHEAT,1,23.3,59.5,39.87,72.8,4.98,8.82,40,104.13,105.67,0.91
Mersin2,26/09/2022,-19.10700162,0.340671415,-149.1136043,2HW,Mersin,40,YES,HW40HEAT,2,29.3,61.84,41.47,75.1,4.63,8.54,30,147.89,234.29,0.53
Mersin3,26/09/2022,-23.90539862,0.029458167,-514.1184976,2HW,Mersin,40,YES,HW40HEAT,3,29.3,63.52,42.73,83,5.09,8.83,60,95.04,65.4,0.86
Mersin4,26/09/2022,-28.44355929,0.079910652,-21.38864509,2HW,Mersin,4,NO,HW4NOHEAT,4,23.3,7.71,4.27,93.5,7.94,10.65,80,5.5,6.2,3.33
Mersin5,26/09/2022,-29.57323792,0.187462415,-22.10870898,2HW,Mersin,4,NO,HW4NOHEAT,5,23.2,7.71,4.27,98.8,8.25,10.86,90,4.84,6.6,3.33
Mersin6,26/09/2022,-24.75590698,0.367923314,-16.55763755,2HW,Mersin,4,YES,HW4HEAT,6,29,7.9,4.34,107,8.05,10.62,70,12.1,12.8,3.08
Mersin7,26/09/2022,-27.65570542,0.283084712,-597.2799649,2HW,Mersin,40,NO,HW40NOHEAT,7,23.5,62.09,41.83,78.1,5.2,8.97,45,70.61,129.5,0.95
Mersin8,26/09/2022,-27.82556195,0.812900213,-30.46189376,2HW,Mersin,4,YES,HW4HEAT,8,28.9,7.8,4.29,102.8,7.78,10.23,40,9.46,15.6,2.58
Mersin9,26/09/2022,-27.42486003,0.373140514,-584.8032876,2HW,Mersin,40,NO,HW40NOHEAT,9,23.6,60.84,40.94,78.3,5.06,9,40,101.2,139.55,0.89
Mersin10,26/09/2022,-27.99633379,0.770827271,-29.64536464,2HW,Mersin,4,YES,HW4HEAT,10,29.2,7.77,4.26,96.9,7.38,10.28,110,29.92,11,2.8
Mersin11,26/09/2022,-30.72986679,0.354004196,-30.5786626,2HW,Mersin,4,NO,HW4NOHEAT,11,23.4,7.66,4.24,101.7,8.5,10.69,65,31.24,18.4,2.96
Mersin12,26/09/2022,-29.20809195,0.584506762,-24.58273296,2HW,Mersin,4,NO,HW4NOHEAT,12,23.4,8.16,4.55,102.9,8.56,10.76,70,9.24,8.8,3.23
Mersin13,26/09/2022,-17.82183971,0.376203636,-44.26418528,2HW,Mersin,40,YES,HW40HEAT,13,29,63.93,43.08,66.5,4.03,8.77,70,115.69,115.77,0.7
Mersin14,26/09/2022,-22.35999415,0.540756069,-399.4740827,2HW,Mersin,40,YES,HW40HEAT,14,29.4,62.38,41.87,50.9,3.05,8.49,45,154.76,96.06,0.43
Mersin15,26/09/2022,-20.4806097,1.219352634,-0.124641994,2HW,Mersin,4,YES,HW4HEAT,15,29.3,7.97,4.39,95.6,7.21,10.48,90,13.2,13.2,3.08
Mersin16,26/09/2022,-20.44190128,0.614475698,-94.58549609,2HW,Mersin,40,NO,HW40NOHEAT,16,23.6,61.72,41.55,89.9,6.13,9.08,30,199.38,243.85,1.35
Mersin1,29/09/2022,-15.99443851,0.475933637,195.8917597,2HW,Mersin,40,NO,HW40NOHEAT,1,24.5,58.36,39.98,90,5.98,8.6,45,105.97,98.97,
Mersin2,29/09/2022,,,,2HW,Mersin,40,YES,HW40HEAT,2,29.7,58.25,38.74,102.9,6.25,8.46,35,165,241.67,
Mersin3,29/09/2022,-17.30497566,0.250615613,-28.10123472,2HW,Mersin,40,YES,HW40HEAT,3,30,59.05,39.33,133.2,8.15,8.71,55,113.19,79.14,
Mersin4,29/09/2022,-13.49362677,0.078674964,1.297579769,2HW,Mersin,4,NO,HW4NOHEAT,4,24.1,7.25,3.98,120.1,9.83,10.46,60,6.38,7.8,
Mersin5,29/09/2022,-25.03231898,0.176996454,-9.452334532,2HW,Mersin,4,NO,HW4NOHEAT,5,24.1,7.3,4.02,111,9.09,10.6,110,4.18,10.6,
Mersin6,29/09/2022,-17.8883045,0.347606114,8.22619125,2HW,Mersin,4,YES,HW4HEAT,6,30.6,7.32,4,125,9.15,10.28,70,7.92,7.6,
Mersin7,29/09/2022,-19.67750053,0.258579732,-63.07831332,2HW,Mersin,40,NO,HW40NOHEAT,7,24.4,57.96,38.68,98.4,6.59,8.79,65,69.3,114.23,
Mersin8,29/09/2022,-18.55802827,0.670136975,7.012982377,2HW,Mersin,4,YES,HW4HEAT,8,29.6,7.37,4.03,112.8,8.4,9.85,55,11.22,12.2,
Mersin9,29/09/2022,-20.44239915,0.348635534,-117.3968804,2HW,Mersin,40,NO,HW40NOHEAT,9,24.4,58.59,39.15,90.1,5.94,8.76,45,77,148.24,
Mersin10,29/09/2022,-18.55364787,0.654146156,5.4641591,2HW,Mersin,4,YES,HW4HEAT,10,30.7,7.36,4.02,118.7,8.66,10.04,110,50.38,8,
Mersin11,29/09/2022,-22.14058522,0.338608516,1.748784833,2HW,Mersin,4,NO,HW4NOHEAT,11,24.2,7.21,3.96,111,9.1,10.37,65,26.4,12,
Mersin12,29/09/2022,-21.73792354,0.340452022,3.335979611,2HW,Mersin,4,NO,HW4NOHEAT,12,24.2,7.46,4.11,113.4,9.28,10.46,75,4.18,9.4,
Mersin13,29/09/2022,-21.92290081,0.489914945,-483.6283315,2HW,Mersin,40,YES,HW40HEAT,13,30,59.21,39.35,94.2,5.69,8.63,50,166.69,116.36,
Mersin14,29/09/2022,-21.72081914,0.357212277,-373.0685854,2HW,Mersin,40,YES,HW40HEAT,14,30.2,58.41,38.82,84.1,5.06,8.36,40,196.37,131.43,
Mersin15,29/09/2022,-23.97975884,1.198867404,-15.25974203,2HW,Mersin,4,YES,HW4HEAT,15,30.2,7.32,4,121.8,9.08,10.22,90,12.32,9.4,
Mersin16,29/09/2022,-23.6027079,0.489914945,-347.6856758,2HW,Mersin,40,NO,HW40NOHEAT,16,24.6,58.6,39.15,105.5,6.93,8.86,30,163.63,587.5,
Mersin1,03/10/2022,-21.20634796,0.079693377,-219.8589083,2HW,Mersin,40,NO,HW40NOHEAT,1,26.1,59.13,39.6,80.2,5.13,8.32,40,140.07,105.6,1.69
Mersin2,03/10/2022,-17.70345456,0.327193676,-107.0336213,2HW,Mersin,40,YES,HW40HEAT,2,32.1,60.15,40.14,77.8,4.55,8.25,30,154.79,308.18,1.18
Mersin3,03/10/2022,-18.75575258,0.16178506,-195.0579851,2HW,Mersin,40,YES,HW40HEAT,3,32.3,60.76,40.53,61.2,3.54,8.28,45,75.53,82.12,0.93
Mersin4,03/10/2022,-25.85572958,0.105080627,-15.72130575,2HW,Mersin,4,NO,HW4NOHEAT,4,25.8,7.38,4.05,99.4,7.91,10.33,55,5.94,6.8,3.08
Mersin5,03/10/2022,-27.89998589,0.221198023,-23.96675802,2HW,Mersin,4,NO,HW4NOHEAT,5,25.9,7.44,4.09,103.3,8.18,10.53,115,1.98,8.6,2.5
Mersin6,03/10/2022,-19.78598497,0.488467259,-1.049297998,2HW,Mersin,4,YES,HW4HEAT,6,31.9,7.57,4.14,106.2,7.6,10.14,90,5.94,8.4,2.7
Mersin7,03/10/2022,-18.96909965,0.359662775,-67.75332537,2HW,Mersin,40,NO,HW40NOHEAT,7,26.5,58.94,39.36,85.5,5.47,8.75,40,84.92,150.53,1.9
Mersin8,03/10/2022,-19.25125276,0.541340549,1.204970395,2HW,Mersin,4,YES,HW4HEAT,8,31.8,7.59,4.13,95.5,6.85,9.74,50,6.82,8.6,1.96
Mersin9,03/10/2022,-18.38837239,0.284922585,-20.16995827,2HW,Mersin,40,NO,HW40NOHEAT,9,26.3,59.52,39.81,84.9,5.45,8.77,35,130.66,169.33,2
Mersin10,03/10/2022,-22.69216324,0.707592333,-12.39475567,2HW,Mersin,4,YES,HW4HEAT,10,31.8,7.73,4.18,105.7,7.53,9.94,120,8.14,12.4,2.65
Mersin11,03/10/2022,-27.33178078,0.36375835,-20.67946636,2HW,Mersin,4,NO,HW4NOHEAT,11,25.3,7.35,4.04,87.1,6.93,10.19,95,13.64,12,3.33
Mersin12,03/10/2022,-21.74739986,0.298610305,0.287709685,2HW,Mersin,4,NO,HW4NOHEAT,12,25.9,7.59,4.18,103.8,8.26,10.43,85,4.4,7,3.08
Mersin13,03/10/2022,-17.28170793,0.292886704,-67.06867061,2HW,Mersin,40,YES,HW40HEAT,13,32.3,61.3,40.92,64.2,3.73,8.44,50,144.18,100,1.67
Mersin14,03/10/2022,-18.10592726,0.890924307,-143.3247714,2HW,Mersin,40,YES,HW40HEAT,14,32.3,60.14,40.06,58.4,3.41,8.2,30,200.54,136.96,1.21
Mersin15,03/10/2022,-24.49131844,0.23765152,-20.03149499,2HW,Mersin,4,YES,HW4HEAT,15,32.2,7.49,4.08,109.1,7.36,10.13,80,7.48,12.2,3.16
Mersin16,03/10/2022,-22.30140823,0.22978638,-314.0957209,2HW,Mersin,40,NO,HW40NOHEAT,16,26.6,59.61,39.8,114.6,7.35,8.95,25,191.4,450,1.86
Mersin1,06/10/2022,-24.13735617,0.308814941,-407.8944247,2HW,Mersin,40,NO,HW40NOHEAT,1,25.3,59.69,39.96,80.1,5.22,8.42,35,116.37,153.68,
Mersin2,06/10/2022,,0.541391583,,2HW,Mersin,40,YES,HW40HEAT,2,30.5,60.58,40.5,71.6,4.26,8.31,25,129.56,335,
Mersin3,06/10/2022,-18.23824032,0.148307321,-116.4199951,2HW,Mersin,40,YES,HW40HEAT,3,30.7,61.56,41.24,65.8,3.88,8.34,55,65.12,102,
Mersin4,06/10/2022,-21.41669908,0.144411981,2.98710082,2HW,Mersin,4,NO,HW4NOHEAT,4,25.1,7.66,4.22,92.7,7.5,10.11,60,3.96,6.6,
Mersin5,06/10/2022,-21.99888136,0.304175876,1.218945535,2HW,Mersin,4,NO,HW4NOHEAT,5,24.8,7.49,4.13,94.7,7.67,10.38,95,1.76,7.2,
Mersin6,06/10/2022,-19.52140615,0.511449284,1.650226876,2HW,Mersin,4,YES,HW4HEAT,6,30.7,7.66,4.19,84.2,6.12,9.95,65,8.58,3.2,
Mersin7,06/10/2022,-19.59048468,0.274507969,-81.17627016,2HW,Mersin,40,NO,HW40NOHEAT,7,25.3,59.27,39.59,82.1,5.37,8.78,40,89,174.62,
Mersin8,06/10/2022,-20.35003658,0.370961104,-0.640041769,2HW,Mersin,4,YES,HW4HEAT,8,30,7.85,4.31,84.1,6.16,9.62,75,5.72,6.8,
Mersin9,06/10/2022,-23.78284973,0.306977067,-379.2246976,2HW,Mersin,40,NO,HW40NOHEAT,9,25.2,59.72,39.99,81.3,5.33,8.84,30,129,252,
Mersin10,06/10/2022,-18.53163784,0.551601802,6.114199554,2HW,Mersin,4,YES,HW4HEAT,10,30.3,7.8,4.27,82.7,6.07,9.77,120,20.24,7.4,
Mersin11,06/10/2022,-22.15444513,0.369922985,0.612150386,2HW,Mersin,4,NO,HW4NOHEAT,11,24.8,7.41,4.07,74.9,6.04,10.05,85,6.6,8.4,
Mersin12,06/10/2022,-20.05911117,0.225522669,8.681641492,2HW,Mersin,4,NO,HW4NOHEAT,12,24.9,7.64,4.22,90.3,7.26,10.26,70,4.84,7.8,
Mersin13,06/10/2022,,1.020569172,,2HW,Mersin,40,YES,HW40HEAT,13,30.9,61.57,41.25,69.3,4.04,8.53,50,116.16,108.18,
Mersin14,06/10/2022,-18.66576471,0.196092032,-164.1025731,2HW,Mersin,40,YES,HW40HEAT,14,31.3,60.94,40.69,56,3.28,8.21,30,122.83,130,
Mersin15,06/10/2022,,,,2HW,Mersin,4,YES,HW4HEAT,15,30.9,7.79,4.25,80.6,5.88,9.88,55,8.14,13.4,
Mersin16,06/10/2022,-19.46224429,0.58969065,-69.34736307,2HW,Mersin,40,NO,HW40NOHEAT,16,25.2,59.88,40.11,92.8,6.01,8.96,20,100.83,450,
Mersin1,10/10/2022,-23.02081652,0.074179756,-256.8855331,3PostHW,Mersin,40,NO,post40NOHEAT,1,23,56.86,37.87,80.6,5.55,8.37,30,97.35,156.11,
Mersin2,10/10/2022,-18.93131577,0.214470767,-7.405797581,3PostHW,Mersin,40,YES,post40HEAT,2,24.3,58.4,39.2,113.4,7.62,8.56,35,225,225.38,
Mersin3,10/10/2022,-20.37828849,0.083369124,-109.9656622,3PostHW,Mersin,40,YES,post40HEAT,3,24.3,58.93,39.42,80,5.34,8.45,35,132,159.33,
Mersin4,10/10/2022,-21.61161633,0.104501634,6.889875152,3PostHW,Mersin,4,NO,post4NOHEAT,4,22.6,7.4,4.07,103.2,8.72,10.04,100,6.38,9.8,
Mersin5,10/10/2022,-21.21694896,0.272297118,8.621969868,3PostHW,Mersin,4,NO,post4NOHEAT,5,22.5,7.14,3.93,104.9,8.88,10.34,90,1.32,8.8,
Mersin6,10/10/2022,-24.44124619,0.255653647,-7.120005985,3PostHW,Mersin,4,YES,post4HEAT,6,24.1,7.32,4.03,96.5,7.92,9.83,80,2.42,7.6,
Mersin7,10/10/2022,-23.87118268,0.262868103,-312.96977,3PostHW,Mersin,40,NO,post40NOHEAT,7,22.9,56.34,37.48,94.6,6.55,8.72,25,88.73,227,
Mersin8,10/10/2022,-27.43760842,0.373635131,-19.11753586,3PostHW,Mersin,4,YES,post4HEAT,8,24.2,7.33,4.03,95.8,7.85,9.57,85,6.38,9.4,
Mersin9,10/10/2022,-23.66874436,0.279408965,-295.6823825,3PostHW,Mersin,40,NO,post40NOHEAT,9,22.8,56.83,37.85,92.8,6.42,8.85,20,138.6,365,
Mersin10,10/10/2022,-21.8345406,0.499657428,2.603885012,3PostHW,Mersin,4,YES,post4HEAT,10,24.4,7.36,4.07,99.1,8.1,9.74,90,11.22,11.4,
Mersin11,10/10/2022,-22.72214848,0.333158122,3.297186805,3PostHW,Mersin,4,NO,post4NOHEAT,11,22.2,7.04,3.87,89.5,7.62,9.92,85,8.14,9.8,
Mersin12,10/10/2022,-22.29534839,0.23357536,4.378363984,3PostHW,Mersin,4,NO,post4NOHEAT,12,22.5,7.28,4.01,101.5,8.59,10.13,100,1.98,10.2,
Mersin13,10/10/2022,-20.27015996,0.491185974,-105.1752028,3PostHW,Mersin,40,YES,post40HEAT,13,24.4,59.88,40.11,72.7,4.81,8.46,45,146.44,114.58,
Mersin14,10/10/2022,-21.01355158,0.140955827,-160.7983199,3PostHW,Mersin,40,YES,post40HEAT,14,24.5,58.49,39.07,76.9,5.13,8.33,30,170.92,185,
Mersin15,10/10/2022,-27.52025077,0.825411879,-19.43497481,3PostHW,Mersin,4,YES,post4HEAT,15,24.2,7.35,4.08,98.5,8.07,9.81,85,5.94,12.6,
Mersin16,10/10/2022,-19.96879863,0.300238198,-44.65522899,3PostHW,Mersin,40,NO,post40NOHEAT,16,23,56.9,37.91,131.7,9.09,9.03,15,128.21,333.75,
Mersin1,13/10/2022,-19.46798028,0.052737898,6.87186218,3PostHW,Mersin,40,NO,post40NOHEAT,1,22.4,57.5,38.37,81.3,5.65,8.76,30,108.43,138.89,1.48
Mersin2,13/10/2022,-19.74419226,0.212020269,-15.01077832,3PostHW,Mersin,40,YES,post40HEAT,2,22.5,59.03,39.52,123.4,8.48,9.1,10,188.38,337.14,1.63
Mersin3,13/10/2022,-19.94665217,0.069891385,-29.02880016,3PostHW,Mersin,40,YES,post40HEAT,3,22.5,59.58,39.94,83.9,5.76,8.84,30,148.92,182.86,1.03
Mersin4,13/10/2022,-22.20976962,0.09283561,6.7566491,3PostHW,Mersin,4,NO,post4NOHEAT,4,21.5,7.14,3.95,105.4,9.07,10.56,120,8.14,6.8,3.23
Mersin5,13/10/2022,-22.90949376,0.240357311,3.373271204,3PostHW,Mersin,4,NO,post4NOHEAT,5,21.8,7.24,3.99,110.9,9.52,10.88,120,0.22,5.6,3.33
Mersin6,13/10/2022,-24.76311922,0.245877112,-4.75684642,3PostHW,Mersin,4,YES,post4HEAT,6,22.2,7.43,4.11,115.2,9.82,10.4,120,2.86,7.8,3.24
Mersin7,13/10/2022,-21.44389827,0.317391684,-126.2408371,3PostHW,Mersin,40,NO,post40NOHEAT,7,22.3,56.86,37.85,108.8,7.59,9.19,30,78.83,174.55,1.9
Mersin8,13/10/2022,-24.03034577,0.255096937,-1.852113125,3PostHW,Mersin,4,YES,post4HEAT,8,22.2,7.29,4.02,108.2,8.22,10.1,120,7.26,9,2.79
Mersin9,13/10/2022,-24.39207136,0.231011629,-326.2257477,3PostHW,Mersin,40,NO,post40NOHEAT,9,22.2,57.43,38.29,100.7,7.02,9.31,30,114.71,341.43,2.54
Mersin10,13/10/2022,-25.01983154,0.619671151,-5.547890425,3PostHW,Mersin,4,YES,post4HEAT,10,22.1,7.54,4.21,92.4,7.87,10.13,120,12.76,9,3.06
Mersin11,13/10/2022,-28.52723888,0.329508465,-17.70761258,3PostHW,Mersin,4,NO,post4NOHEAT,11,21.3,7.11,3.92,95.3,8.27,10.35,100,6.82,7.2,2.33
Mersin12,13/10/2022,-25.96091013,0.213297763,-9.657025839,3PostHW,Mersin,4,NO,post4NOHEAT,12,22.3,7.38,4.07,121,10.37,10.72,80,4.84,3,3.53
Mersin13,13/10/2022,-21.44675905,0.388456126,-138.6603142,3PostHW,Mersin,40,YES,post40HEAT,13,22.7,60.32,40.46,72,5.03,8.82,40,95.87,102.86,1.36
Mersin14,13/10/2022,-20.1240309,0.154433566,-49.81708565,3PostHW,Mersin,40,YES,post40HEAT,14,22.8,59.13,39.59,85.4,5.83,8.73,20,191.58,193.6,1.29
Mersin15,13/10/2022,-32.33968565,0.71211814,-34.55236824,3PostHW,Mersin,4,YES,post4HEAT,15,22.2,7.63,4.2,112.6,9.57,10.3,90,5.72,9,3.06
Mersin16,13/10/2022,-28.26676199,0.298400324,-600.2628113,3PostHW,Mersin,40,NO,post40NOHEAT,16,22.4,57.5,38.36,131.3,9.12,9.44,10,117.33,441.67,
Mersin1,17/10/2022,-23.83863103,0.039872784,-249.2487818,3PostHW,Mersin,40,NO,post40NOHEAT,1,21,57.05,38.04,73,5.2,8.35,30,110.72,154.74,
Mersin2,17/10/2022,-17.63163536,0.218759139,176.0915059,3PostHW,Mersin,40,YES,post40HEAT,2,20.8,58.52,39.15,80.6,5.74,8.66,20,126.5,438.75,
Mersin3,17/10/2022,-22.89620626,0.077855503,-182.2105543,3PostHW,Mersin,40,YES,post40HEAT,3,20.9,59.08,39.57,82,5.77,8.5,30,126.87,203.85,
Mersin4,17/10/2022,-26.6624092,0.076243736,-9.511235049,3PostHW,Mersin,4,NO,post4NOHEAT,4,20.9,7.33,4.01,101.8,8.92,10.12,100,5.99,7.6,
Mersin5,17/10/2022,-19.55294913,0.281578309,18.67133193,3PostHW,Mersin,4,NO,post4NOHEAT,5,20.8,6.59,3.95,106.8,9.33,10.45,120,6.58,4.6,
Mersin6,17/10/2022,-17.78252241,0.218256849,25.64517411,3PostHW,Mersin,4,YES,post4HEAT,6,20.8,7.36,4.07,101.6,8.81,9.99,100,2.86,10,
Mersin7,17/10/2022,-21.51384751,0.183839542,-85.81374637,3PostHW,Mersin,40,NO,post40NOHEAT,7,20.8,57.36,38.1,99.6,7.11,8.93,30,40.33,228.89,
Mersin8,17/10/2022,-19.4057422,0.325837457,19.02689045,3PostHW,Mersin,4,YES,post4HEAT,8,20.9,7.28,4.01,101.5,8.83,9.85,120,12.13,11.4,
Mersin9,17/10/2022,-22.04134016,0.205894024,-121.3088003,3PostHW,Mersin,40,NO,post40NOHEAT,9,20.8,56.3,37.94,95.4,6.77,9.08,25,85.25,227.78,
Mersin10,17/10/2022,2.008588225,0.24407725,103.5121977,3PostHW,Mersin,4,YES,post4HEAT,10,20.8,7.72,4.21,83.9,7.26,9.75,120,14.08,6.4,
Mersin11,17/10/2022,-3.693924173,0.233632397,81.50477904,3PostHW,Mersin,4,NO,post4NOHEAT,11,20.6,6.46,3.91,90.3,7.96,9.99,120,8.76,5.8,
Mersin12,17/10/2022,-20.21714259,0.223180988,16.47792436,3PostHW,Mersin,4,NO,post4NOHEAT,12,20.6,7.31,4.04,96.3,8.43,10.21,120,5.54,7,
Mersin13,17/10/2022,-17.39672976,0.482924291,191.9436659,3PostHW,Mersin,40,YES,post40HEAT,13,20.8,59.83,40.14,53,3.75,8.48,40,97.9,167.14,
Mersin14,17/10/2022,-18.50548006,0.117063471,111.8859288,3PostHW,Mersin,40,YES,post40HEAT,14,21,58.67,39.25,70.7,5.05,8.4,25,165.85,347.14,
Mersin15,17/10/2022,-20.24793579,0.692480947,15.93160821,3PostHW,Mersin,4,YES,post4HEAT,15,20.8,7.66,4.23,91.5,8.07,9.93,120,5.72,6.2,
Mersin16,17/10/2022,-21.22762776,0.318616933,-63.44883661,3PostHW,Mersin,40,NO,post40NOHEAT,16,20.7,57,38.05,99.7,7.08,9.1,20,154,441.67,
Mersin1,20/10/2022,-22.27515268,0.070504009,-186.7271379,3PostHW,Mersin,40,NO,post40NOHEAT,1,22.4,58.02,38.76,94.5,6.55,8.39,30,121.69,150,1.72
Mersin2,20/10/2022,-19.86616248,0.226723257,-14.69398866,3PostHW,Mersin,40,YES,post40HEAT,2,22.2,57.34,38.25,118.9,8.31,8.73,15,124.14,456,2.16
Mersin3,20/10/2022,-20.45308282,0.076630254,-58.1441829,3PostHW,Mersin,40,YES,post40HEAT,3,22.3,58.07,38.8,114.1,7.93,8.62,30,116.77,171.54,2
Mersin4,20/10/2022,-28.75713276,0.091604022,-19.43604927,3PostHW,Mersin,4,NO,post4NOHEAT,4,21.7,7.17,3.95,110.7,9.51,10.25,110,5.5,8.8,3.75
Mersin5,20/10/2022,-26.02145935,0.291376369,-8.871965546,3PostHW,Mersin,4,NO,post4NOHEAT,5,21.8,7.25,4,121.8,10.45,10.48,110,1.54,6.8,3.82
Mersin6,20/10/2022,-20.46355233,0.20594003,13.41258447,3PostHW,Mersin,4,YES,post4HEAT,6,21.6,7.27,4.01,112.3,9.65,10,80,2.86,9.2,3.26
Mersin7,20/10/2022,-20.39618612,0.18629004,-54.037852,3PostHW,Mersin,40,NO,post40NOHEAT,7,22.3,57.21,38.12,127.5,8.9,9.11,30,40.7,213.33,2.7
Mersin8,20/10/2022,-20.33641377,0.276012721,13.70644254,3PostHW,Mersin,4,YES,post4HEAT,8,21.7,7.32,4.04,118.2,10.12,9.87,100,5.72,10.6,3.13
Mersin9,20/10/2022,-22.07781568,0.181389044,-167.0364423,3PostHW,Mersin,40,NO,post40NOHEAT,9,22.2,56.89,37.91,117.6,8.23,9.17,30,91.14,274.29,2.76
Mersin10,20/10/2022,-26.53053351,0.339313288,-11.29119999,3PostHW,Mersin,4,YES,post4HEAT,10,22,7.18,4.08,75.1,6.52,9.73,110,9.68,7.4,3.52
Mersin11,20/10/2022,-27.35957809,0.346711753,-13.53123677,3PostHW,Mersin,4,NO,post4NOHEAT,11,21.5,7.02,3.85,89.4,7.68,9.93,70,6.82,10.4,3.42
Mersin12,20/10/2022,-25.54901088,0.151846085,-6.611321852,3PostHW,Mersin,4,NO,post4NOHEAT,12,21.6,7.26,4.01,110.4,9.5,10.2,90,2.64,9.2,4.44
Mersin13,20/10/2022,-23.73114576,0.517242049,-283.9923827,3PostHW,Mersin,40,YES,post40HEAT,13,22.3,57.84,38.6,125.4,8.75,8.65,40,113.47,111.5,1.43
Mersin14,20/10/2022,-27.35384017,0.115225598,-533.7941794,3PostHW,Mersin,40,YES,post40HEAT,14,22.3,57.71,38.52,101.8,7.02,8.46,30,165,196.43,1.25
Mersin15,20/10/2022,-30.76872872,0.534887308,-27.57257167,3PostHW,Mersin,4,YES,post4HEAT,15,21.8,7.48,4.13,115.1,9.86,9.99,100,7.92,10.4,3.1
Mersin16,20/10/2022,-28.1406403,0.26654385,-587.8608697,3PostHW,Mersin,40,NO,post40NOHEAT,16,22.3,57.92,38.66,121.3,8.44,9.17,15,110,552.5,2
Mersin1,03/11/2022,-15.62887719,0.063765139,-410.8458351,3PostHW,Mersin,40,NO,post40NOHEAT,1,18.7,58.39,39.1,119.3,8.86,8.91,15,58.3,320,2.06
Mersin2,03/11/2022,-18.58368504,0.114612973,-53.52579953,3PostHW,Mersin,40,YES,post40HEAT,2,18.4,57.65,38.48,122.7,9.19,9.14,5,119.17,481.67,1.52
Mersin3,03/11/2022,-25.582215,0.10052261,-431.6909722,3PostHW,Mersin,40,YES,post40HEAT,3,18.6,58.33,39.01,127.6,9.47,9.14,15,42.43,278.33,2.61
Mersin4,03/11/2022,-30.43689827,0.11133039,5.534079176,3PostHW,Mersin,4,NO,post4NOHEAT,4,17.9,7.36,4.09,106.7,9.86,10.41,120,6.6,5.4,3.11
Mersin5,03/11/2022,-36.99026536,0.189443422,4.448723029,3PostHW,Mersin,4,NO,post4NOHEAT,5,17.8,7.3,4.04,110,10.21,10.59,120,2.86,2.2,3.86
Mersin6,03/11/2022,-27.69500373,0.221432935,-4.529583016,3PostHW,Mersin,4,YES,post4HEAT,6,17.6,7.32,4.05,108,10.04,10.14,120,3.3,4.8,3.6
Mersin7,03/11/2022,-26.4267635,0.122577092,-151.4484295,3PostHW,Mersin,40,NO,post40NOHEAT,7,18.3,57.44,38.3,108.4,8.11,9.39,15,43.99,332,2.64
Mersin8,03/11/2022,-32.99893933,0.348741484,-5.985089649,3PostHW,Mersin,4,YES,post4HEAT,8,17.8,7.35,4.07,111.8,10.38,10.09,120,6.16,8.6,4.03
Mersin9,03/11/2022,-23.40468729,0.150757819,-231.5540447,3PostHW,Mersin,40,NO,post40NOHEAT,9,18.5,57.09,38.03,104.1,7.77,9.45,15,55,370,3.97
Mersin10,03/11/2022,-35.70478159,0.329070289,-19.95937417,3PostHW,Mersin,4,YES,post4HEAT,10,17.6,7.47,4.18,92.5,8.59,9.95,120,5.94,5.6,2.96
Mersin11,03/11/2022,-31.53207992,0.374609706,-24.88443368,3PostHW,Mersin,4,NO,post4NOHEAT,11,17.2,7.03,3.88,86.1,8.07,10,100,8.14,5,2.7
Mersin12,03/11/2022,-39.5457354,0.186371033,0.768427181,3PostHW,Mersin,4,NO,post4NOHEAT,12,17.7,7.32,4.05,106.4,9.91,10.41,100,2.64,2.2,4.07
Mersin13,03/11/2022,-12.22269965,0.481653263,-303.8275392,3PostHW,Mersin,40,YES,post40HEAT,13,18.5,58.44,39.08,129.5,9.62,8.99,30,68.2,235.56,1.82
Mersin14,03/11/2022,-27.76412303,0.087657495,33.44876846,3PostHW,Mersin,40,YES,post40HEAT,14,18.5,58.08,38.81,124.5,9.26,9.21,15,73.86,350,2.14
Mersin15,03/11/2022,-34.16544668,0.517323441,18.81238361,3PostHW,Mersin,4,YES,post4HEAT,15,17.9,7.59,4.2,106.2,9.8,10.13,120,7.92,8.4,2.83
Mersin16,03/11/2022,-27.40550171,0.262868103,-201.1782282,3PostHW,Mersin,40,NO,post40NOHEAT,16,18.5,58.17,38.81,118,8.78,9.36,15,66,607.5,3.21
